id,terrestrial_date,sol,ls,month,min_temp,pressure,day_count
2,2012-08-16,10,155,6,-75.0,739.0,1
13,2012-08-17,11,156,6,-76.0,740.0,2
24,2012-08-18,12,156,6,-76.0,741.0,3
35,2012-08-19,13,157,6,-74.0,732.0,4
46,2012-08-20,14,157,6,-74.0,740.0,5
57,2012-08-21,15,158,6,-78.0,740.0,6
68,2012-08-22,16,158,6,-77.0,740.0,7
79,2012-08-23,17,159,6,-76.0,742.0,8
112,2012-08-27,21,161,6,-74.0,741.0,12
114,2012-08-28,22,162,6,-74.0,742.0,13
123,2012-08-29,23,162,6,-75.0,741.0,14
134,2012-08-30,24,163,6,-75.0,742.0,15
145,2012-08-31,25,163,6,-75.0,743.0,16
156,2012-09-01,26,164,6,-76.0,745.0,17
163,2012-09-02,27,164,6,-75.0,743.0,18
170,2012-09-03,28,165,6,-75.0,745.0,19
171,2012-09-04,29,166,6,-75.0,747.0,20
172,2012-09-05,30,166,6,-74.0,747.0,21
173,2012-09-06,31,167,6,-74.0,745.0,22
175,2012-09-08,33,168,6,-73.0,748.0,24
176,2012-09-10,34,168,6,-73.0,748.0,26
177,2012-09-11,35,169,6,-73.0,749.0,27
178,2012-09-12,36,169,6,-73.0,750.0,28
179,2012-09-13,37,170,6,-73.0,750.0,29
180,2012-09-14,38,171,6,-73.0,750.0,30
181,2012-09-15,39,171,6,-75.0,751.0,31
182,2012-09-16,40,172,6,-75.0,753.0,32
183,2012-09-17,41,172,6,-75.0,753.0,33
184,2012-09-18,42,173,6,-75.0,754.0,34
185,2012-09-19,43,173,6,-74.0,756.0,35
186,2012-09-20,44,174,6,-75.0,757.0,36
187,2012-09-21,45,175,6,-74.0,758.0,37
188,2012-09-22,46,175,6,-74.0,758.0,38
189,2012-09-23,47,176,6,-75.0,758.0,39
190,2012-09-24,48,176,6,-75.0,759.0,40
191,2012-09-25,49,177,6,-74.0,761.0,41
192,2012-09-26,50,177,6,-72.0,761.0,42
193,2012-09-27,51,178,6,-76.0,762.0,43
194,2012-09-28,52,179,6,-74.0,762.0,44
195,2012-09-29,53,179,6,-71.0,764.0,45
196,2012-09-30,54,180,7,-72.0,766.0,46
197,2012-10-01,55,180,7,-74.0,766.0,47
198,2012-10-02,56,181,7,-73.0,768.0,48
199,2012-10-03,57,181,7,-73.0,769.0,49
200,2012-10-04,58,182,7,-74.0,769.0,50
201,2012-10-05,59,183,7,-76.0,771.0,51
202,2012-10-06,60,183,7,-75.0,772.0,52
203,2012-10-07,61,184,7,-72.0,772.0,53
204,2012-10-08,62,184,7,-72.0,774.0,54
205,2012-10-09,63,185,7,-73.0,775.0,55
206,2012-10-10,64,186,7,-74.0,776.0,56
207,2012-10-11,65,186,7,-72.0,777.0,57
208,2012-10-12,66,187,7,-73.0,778.0,58
209,2012-10-13,67,187,7,-73.0,780.0,59
210,2012-10-14,68,188,7,-71.0,781.0,60
211,2012-10-15,69,189,7,-73.0,778.0,61
212,2012-10-17,70,189,7,-72.0,783.0,63
213,2012-10-18,71,190,7,-71.0,784.0,64
214,2012-10-19,72,190,7,-73.0,785.0,65
215,2012-10-20,73,191,7,-70.0,788.0,66
216,2012-10-21,74,192,7,-72.0,790.0,67
217,2012-10-22,75,192,7,-73.0,791.0,68
218,2012-10-23,76,193,7,-73.0,792.0,69
219,2012-10-24,77,193,7,-71.0,792.0,70
220,2012-10-25,78,194,7,-71.0,793.0,71
221,2012-10-26,79,195,7,-73.0,795.0,72
222,2012-10-27,80,195,7,-70.0,796.0,73
223,2012-10-28,81,196,7,-72.0,798.0,74
224,2012-10-29,82,196,7,-72.0,799.0,75
225,2012-10-30,83,197,7,-72.0,801.0,76
226,2012-10-31,84,198,7,-70.0,801.0,77
227,2012-11-01,85,198,7,-71.0,805.0,78
228,2012-11-02,86,199,7,-71.0,808.0,79
229,2012-11-03,87,199,7,-70.0,808.0,80
230,2012-11-04,88,200,7,-70.0,811.0,81
231,2012-11-05,89,201,7,-73.0,813.0,82
233,2012-11-06,90,201,7,-71.0,813.0,83
234,2012-11-07,91,202,7,-74.0,817.0,84
235,2012-11-08,92,202,7,-74.0,820.0,85
236,2012-11-09,93,203,7,-72.0,819.0,86
237,2012-11-10,94,204,7,-70.0,822.0,87
238,2012-11-11,95,204,7,-68.0,822.0,88
239,2012-11-12,96,205,7,-71.0,826.0,89
240,2012-11-13,97,206,7,-68.0,828.0,90
241,2012-11-14,98,206,7,-68.0,828.0,91
242,2012-11-15,99,207,7,-68.0,829.0,92
3,2012-11-16,100,207,7,-66.0,829.0,93
4,2012-11-17,101,208,7,-65.0,830.0,94
5,2012-11-18,102,209,7,-67.0,833.0,95
6,2012-11-19,103,209,7,-66.0,836.0,96
7,2012-11-20,104,210,8,-67.0,838.0,97
8,2012-11-21,105,211,8,-66.0,839.0,98
9,2012-11-23,106,211,8,-66.0,841.0,100
10,2012-11-24,107,212,8,-66.0,844.0,101
11,2012-11-25,108,212,8,-65.0,845.0,102
12,2012-11-26,109,213,8,-64.0,844.0,103
14,2012-11-27,110,214,8,-65.0,848.0,104
15,2012-11-28,111,214,8,-66.0,849.0,105
16,2012-11-29,112,215,8,-65.0,852.0,106
17,2012-11-30,113,216,8,-66.0,857.0,107
18,2012-12-01,114,216,8,-69.0,857.0,108
19,2012-12-02,115,217,8,-66.0,857.0,109
20,2012-12-03,116,217,8,-67.0,859.0,110
21,2012-12-04,117,218,8,-66.0,861.0,111
22,2012-12-05,118,219,8,-65.0,864.0,112
23,2012-12-06,119,219,8,-66.0,866.0,113
25,2012-12-07,120,220,8,-67.0,867.0,114
26,2012-12-08,121,221,8,-66.0,869.0,115
27,2012-12-09,122,221,8,-65.0,869.0,116
28,2012-12-10,123,222,8,-66.0,875.0,117
29,2012-12-11,124,223,8,-66.0,876.0,118
30,2012-12-12,125,223,8,-68.0,880.0,119
31,2012-12-13,126,224,8,-66.0,880.0,120
32,2012-12-14,127,224,8,-67.0,884.0,121
33,2012-12-15,128,225,8,-67.0,883.0,122
34,2012-12-16,129,226,8,-65.0,886.0,123
36,2012-12-17,130,226,8,-65.0,888.0,124
37,2012-12-18,131,227,8,-65.0,889.0,125
38,2012-12-19,132,228,8,-65.0,890.0,126
39,2012-12-20,133,228,8,-65.0,891.0,127
40,2012-12-21,134,229,8,-67.0,893.0,128
41,2012-12-22,135,230,8,-65.0,894.0,129
42,2012-12-23,136,230,8,-65.0,897.0,130
43,2012-12-24,137,231,8,-64.0,896.0,131
44,2012-12-25,138,232,8,-65.0,899.0,132
45,2012-12-26,139,232,8,-66.0,899.0,133
47,2012-12-27,140,233,8,-66.0,903.0,134
48,2012-12-28,141,233,8,-64.0,904.0,135
49,2012-12-29,142,234,8,-65.0,906.0,136
50,2012-12-31,143,235,8,-63.0,908.0,138
51,2013-01-01,144,235,8,-64.0,907.0,139
52,2013-01-02,145,236,8,-64.0,909.0,140
53,2013-01-03,146,237,8,-65.0,908.0,141
54,2013-01-04,147,237,8,-65.0,914.0,142
55,2013-01-05,148,238,8,-65.0,912.0,143
56,2013-01-06,149,239,8,-65.0,914.0,144
58,2013-01-07,150,239,8,-64.0,913.0,145
59,2013-01-08,151,240,9,-65.0,915.0,146
60,2013-01-09,152,241,9,-63.0,914.0,147
61,2013-01-10,153,241,9,-65.0,915.0,148
62,2013-01-11,154,242,9,-65.0,917.0,149
63,2013-01-12,155,243,9,-64.0,917.0,150
64,2013-01-13,156,243,9,-65.0,922.0,151
65,2013-01-14,157,244,9,-64.0,920.0,152
66,2013-01-15,158,245,9,-66.0,922.0,153
67,2013-01-16,159,245,9,-65.0,918.0,154
69,2013-01-17,160,246,9,-67.0,919.0,155
70,2013-01-18,161,246,9,-65.0,919.0,156
71,2013-01-19,162,247,9,-65.0,919.0,157
72,2013-01-20,163,248,9,-65.0,919.0,158
73,2013-01-21,164,248,9,-64.0,919.0,159
74,2013-01-22,165,249,9,-65.0,922.0,160
75,2013-01-23,166,250,9,-65.0,922.0,161
76,2013-01-24,167,250,9,-65.0,920.0,162
77,2013-01-25,168,251,9,-66.0,923.0,163
78,2013-01-26,169,252,9,-66.0,922.0,164
80,2013-01-27,170,252,9,-66.0,925.0,165
81,2013-01-28,171,253,9,-67.0,925.0,166
82,2013-01-29,172,254,9,-67.0,923.0,167
83,2013-01-30,173,254,9,-67.0,920.0,168
84,2013-01-31,174,255,9,-67.0,921.0,169
85,2013-02-01,175,256,9,-68.0,921.0,170
86,2013-02-02,176,256,9,-67.0,920.0,171
87,2013-02-03,177,257,9,-66.0,921.0,172
88,2013-02-04,178,258,9,-66.0,920.0,173
89,2013-02-06,179,258,9,-66.0,920.0,175
91,2013-02-07,180,259,9,-67.0,919.0,176
92,2013-02-08,181,260,9,-67.0,918.0,177
93,2013-02-09,182,260,9,-67.0,921.0,178
94,2013-02-10,183,261,9,-67.0,921.0,179
95,2013-02-11,184,261,9,-67.0,923.0,180
96,2013-02-12,185,262,9,-67.0,923.0,181
97,2013-02-13,186,263,9,-66.0,922.0,182
98,2013-02-14,187,263,9,-67.0,921.0,183
99,2013-02-15,188,264,9,-68.0,920.0,184
100,2013-02-16,189,265,9,-68.0,920.0,185
102,2013-02-17,190,265,9,-66.0,917.0,186
103,2013-02-18,191,266,9,-67.0,921.0,187
106,2013-02-23,196,269,9,-66.0,916.0,192
107,2013-02-24,197,270,10,-68.0,915.0,193
108,2013-02-25,198,271,10,-67.0,914.0,194
109,2013-02-26,199,271,10,-66.0,917.0,195
116,2013-03-23,223,287,10,-71.0,895.0,220
117,2013-03-24,224,287,10,-69.0,894.0,221
118,2013-03-25,225,288,10,-71.0,894.0,222
119,2013-03-26,226,288,10,-70.0,894.0,223
120,2013-03-27,227,289,10,-70.0,892.0,224
121,2013-03-28,228,290,10,-71.0,894.0,225
122,2013-03-29,229,290,10,-69.0,894.0,226
124,2013-03-30,230,291,10,-69.0,888.0,227
125,2013-03-31,231,292,10,-71.0,890.0,228
126,2013-04-01,232,292,10,-69.0,888.0,229
127,2013-04-02,233,293,10,-69.0,889.0,230
128,2013-04-03,234,293,10,-69.0,890.0,231
129,2013-04-04,235,294,10,-70.0,886.0,232
130,2013-04-05,236,295,10,-72.0,886.0,233
131,2013-04-06,237,295,10,-71.0,883.0,234
132,2013-04-07,238,296,10,-70.0,885.0,235
133,2013-04-08,239,297,10,-73.0,885.0,236
135,2013-04-09,240,297,10,-70.0,884.0,237
136,2013-04-10,241,298,10,-72.0,884.0,238
137,2013-04-11,242,298,10,-70.0,881.0,239
138,2013-04-12,243,299,10,-71.0,884.0,240
139,2013-04-13,244,300,11,-69.0,878.0,241
140,2013-04-14,245,300,11,-70.0,879.0,242
141,2013-04-15,246,301,11,-73.0,878.0,243
142,2013-04-16,247,301,11,-71.0,873.0,244
143,2013-04-17,248,302,11,-70.0,877.0,245
144,2013-04-18,249,303,11,-69.0,873.0,246
146,2013-04-19,250,303,11,-70.0,877.0,247
147,2013-04-20,251,304,11,-71.0,876.0,248
148,2013-04-22,252,304,11,-71.0,874.0,250
149,2013-04-23,253,305,11,-71.0,877.0,251
150,2013-04-24,254,306,11,-70.0,871.0,252
151,2013-04-25,255,306,11,-69.0,877.0,253
152,2013-04-26,256,307,11,-70.0,871.0,254
153,2013-04-27,257,308,11,-70.0,871.0,255
154,2013-04-28,258,308,11,-71.0,869.0,256
155,2013-04-29,259,309,11,-72.0,871.0,257
157,2013-04-30,260,309,11,-70.0,875.0,258
158,2013-05-01,261,310,11,-70.0,868.0,259
161,2013-05-08,268,314,11,-70.0,864.0,266
162,2013-05-09,269,315,11,-72.0,866.0,267
164,2013-05-10,270,315,11,-67.0,863.0,268
165,2013-05-11,271,316,11,-69.0,864.0,269
166,2013-05-12,272,316,11,-71.0,864.0,270
167,2013-05-13,273,317,11,-70.0,861.0,271
168,2013-05-14,274,318,11,-70.0,861.0,272
169,2013-05-15,275,318,11,-67.0,860.0,273
244,2013-05-16,276,319,11,-69.0,858.0,274
245,2013-05-17,277,319,11,-69.0,857.0,275
246,2013-05-18,278,320,11,-67.0,855.0,276
247,2013-05-19,279,321,11,-68.0,856.0,277
248,2013-05-20,280,321,11,-69.0,856.0,278
249,2013-05-21,281,322,11,-68.0,855.0,279
250,2013-05-22,282,322,11,-72.0,856.0,280
251,2013-05-23,283,323,11,-68.0,854.0,281
252,2013-05-24,284,323,11,-71.0,854.0,282
253,2013-05-25,285,324,11,-70.0,852.0,283
254,2013-05-26,286,325,11,-71.0,854.0,284
255,2013-05-27,287,325,11,-72.0,856.0,285
256,2013-05-29,288,326,11,-69.0,854.0,287
257,2013-05-30,289,326,11,-71.0,854.0,288
258,2013-05-31,290,327,11,-71.0,853.0,289
259,2013-06-01,291,327,11,-70.0,853.0,290
260,2013-06-02,292,328,11,-71.0,853.0,291
261,2013-06-03,293,329,11,-72.0,850.0,292
262,2013-06-04,294,329,11,-72.0,852.0,293
263,2013-06-05,295,330,12,-71.0,853.0,294
264,2013-06-06,296,330,12,-71.0,850.0,295
265,2013-06-07,297,331,12,-72.0,849.0,296
266,2013-06-08,298,331,12,-72.0,850.0,297
267,2013-06-09,299,332,12,-71.0,849.0,298
286,2013-06-10,300,333,12,-72.0,852.0,299
276,2013-06-11,301,333,12,-73.0,852.0,300
287,2013-06-12,302,334,12,-71.0,850.0,301
283,2013-06-13,303,334,12,-71.0,849.0,302
281,2013-06-14,304,335,12,-70.0,848.0,303
275,2013-06-15,305,335,12,-71.0,847.0,304
280,2013-06-16,306,336,12,-71.0,848.0,305
279,2013-06-17,307,336,12,-72.0,851.0,306
282,2013-06-18,308,337,12,-73.0,850.0,307
284,2013-06-19,309,338,12,-72.0,848.0,308
278,2013-06-20,310,338,12,-71.0,849.0,309
277,2013-06-21,311,339,12,-74.0,846.0,310
285,2013-06-22,312,339,12,-71.0,845.0,311
274,2013-06-23,313,340,12,-77.0,849.0,312
272,2013-06-24,314,340,12,-73.0,848.0,313
273,2013-06-25,315,341,12,-74.0,850.0,314
288,2013-06-26,316,341,12,-74.0,851.0,315
268,2013-06-27,317,342,12,-72.0,849.0,316
270,2013-06-28,318,342,12,-74.0,849.0,317
271,2013-06-29,319,343,12,-73.0,847.0,318
269,2013-06-30,320,344,12,-74.0,846.0,319
289,2013-07-01,321,344,12,-75.0,847.0,320
291,2013-07-02,322,345,12,-74.0,849.0,321
290,2013-07-03,323,345,12,-74.0,847.0,322
292,2013-07-04,324,346,12,-75.0,850.0,323
294,2013-07-06,325,346,12,-74.0,847.0,325
295,2013-07-07,326,347,12,-72.0,848.0,326
296,2013-07-08,327,347,12,-74.0,848.0,327
293,2013-07-09,328,348,12,-75.0,847.0,328
298,2013-07-10,329,348,12,-74.0,847.0,329
297,2013-07-11,330,349,12,-75.0,848.0,330
303,2013-07-12,331,349,12,-74.0,848.0,331
300,2013-07-13,332,350,12,-76.0,849.0,332
299,2013-07-14,333,350,12,-75.0,849.0,333
301,2013-07-15,334,351,12,-74.0,852.0,334
302,2013-07-16,335,352,12,-76.0,852.0,335
305,2013-07-17,336,352,12,-76.0,852.0,336
304,2013-07-18,337,353,12,-75.0,853.0,337
306,2013-07-19,338,353,12,-78.0,848.0,338
308,2013-07-20,339,354,12,-76.0,849.0,339
307,2013-07-21,340,354,12,-76.0,851.0,340
310,2013-07-22,341,355,12,-77.0,852.0,341
309,2013-07-23,342,355,12,-76.0,851.0,342
311,2013-07-24,343,356,12,-77.0,850.0,343
317,2013-07-25,344,356,12,-77.0,851.0,344
312,2013-07-26,345,357,12,-77.0,853.0,345
314,2013-07-27,346,357,12,-76.0,853.0,346
313,2013-07-28,347,358,12,-77.0,851.0,347
315,2013-07-29,348,358,12,-74.0,850.0,348
316,2013-07-30,349,359,12,-75.0,852.0,349
318,2013-07-31,350,359,12,-76.0,853.0,350
320,2013-08-01,351,0,1,-75.0,853.0,351
319,2013-08-02,352,0,1,-77.0,854.0,352
323,2013-08-03,353,1,1,-75.0,855.0,353
322,2013-08-04,354,1,1,-75.0,857.0,354
321,2013-08-05,355,2,1,-75.0,857.0,355
324,2013-08-06,356,2,1,-77.0,856.0,356
325,2013-08-07,357,3,1,-76.0,857.0,357
326,2013-08-17,366,7,1,-76.0,861.0,367
328,2013-08-18,367,8,1,-76.0,862.0,368
330,2013-08-19,368,8,1,-77.0,863.0,369
331,2013-08-20,369,9,1,-75.0,865.0,370
332,2013-08-21,370,9,1,-79.0,865.0,371
333,2013-08-22,371,10,1,-77.0,865.0,372
334,2013-08-23,372,10,1,-76.0,866.0,373
335,2013-08-24,373,11,1,-79.0,866.0,374
337,2013-08-25,374,11,1,-79.0,866.0,375
336,2013-08-26,375,12,1,-77.0,867.0,376
340,2013-08-27,376,12,1,-78.0,870.0,377
338,2013-08-28,377,13,1,-78.0,870.0,378
339,2013-08-29,378,13,1,-78.0,869.0,379
341,2013-08-30,379,14,1,-79.0,870.0,380
343,2013-08-31,380,14,1,-79.0,870.0,381
345,2013-09-01,381,15,1,-79.0,871.0,382
344,2013-09-02,382,15,1,-76.0,872.0,383
342,2013-09-03,383,16,1,-77.0,874.0,384
346,2013-09-04,384,16,1,-77.0,875.0,385
351,2013-09-05,385,17,1,-78.0,874.0,386
347,2013-09-06,386,17,1,-77.0,873.0,387
349,2013-09-07,387,18,1,-78.0,874.0,388
350,2013-09-08,388,18,1,-79.0,875.0,389
348,2013-09-09,389,19,1,-79.0,875.0,390
352,2013-09-10,390,19,1,-78.0,875.0,391
353,2013-09-11,391,20,1,-78.0,875.0,392
354,2013-09-12,392,20,1,-77.0,876.0,393
355,2013-09-13,393,21,1,-76.0,877.0,394
356,2013-09-14,394,21,1,-79.0,878.0,395
357,2013-09-15,395,22,1,-77.0,878.0,396
358,2013-09-16,396,22,1,-78.0,879.0,397
359,2013-09-18,397,23,1,-75.0,880.0,399
360,2013-09-19,398,23,1,-79.0,880.0,400
361,2013-09-20,399,24,1,-79.0,881.0,401
363,2013-09-21,400,24,1,-79.0,881.0,402
362,2013-09-22,401,25,1,-79.0,882.0,403
365,2013-09-23,402,25,1,-78.0,883.0,404
364,2013-09-24,403,25,1,-80.0,883.0,405
367,2013-09-25,404,26,1,-78.0,884.0,406
366,2013-09-26,405,26,1,-82.0,885.0,407
374,2013-09-27,406,27,1,-81.0,886.0,408
370,2013-09-28,407,27,1,-81.0,887.0,409
369,2013-09-29,408,28,1,-80.0,887.0,410
368,2013-09-30,409,28,1,-81.0,887.0,411
373,2013-10-01,410,29,1,-81.0,888.0,412
372,2013-10-02,411,29,1,-82.0,887.0,413
371,2013-10-03,412,30,2,-80.0,888.0,414
376,2013-10-04,413,30,2,-82.0,888.0,415
375,2013-10-05,414,31,2,-79.0,889.0,416
377,2013-10-06,415,31,2,-82.0,890.0,417
378,2013-10-07,416,32,2,-79.0,889.0,418
379,2013-10-08,417,32,2,-82.0,890.0,419
380,2013-10-09,418,33,2,-79.0,891.0,420
381,2013-10-10,419,33,2,-82.0,891.0,421
385,2013-10-11,420,33,2,-80.0,892.0,422
382,2013-10-12,421,34,2,-81.0,890.0,423
384,2013-10-13,422,34,2,-82.0,891.0,424
383,2013-10-14,423,35,2,-81.0,892.0,425
386,2013-10-15,424,35,2,-81.0,893.0,426
393,2013-10-16,425,36,2,-81.0,893.0,427
388,2013-10-17,426,36,2,-79.0,893.0,428
392,2013-10-18,427,37,2,-81.0,893.0,429
391,2013-10-19,428,37,2,-81.0,894.0,430
387,2013-10-20,429,38,2,-82.0,895.0,431
390,2013-10-21,430,38,2,-82.0,896.0,432
389,2013-10-22,431,39,2,-83.0,895.0,433
395,2013-10-23,432,39,2,-80.0,896.0,434
394,2013-10-24,433,40,2,-81.0,895.0,435
397,2013-10-26,434,40,2,-80.0,896.0,437
396,2013-10-27,435,40,2,-81.0,896.0,438
398,2013-10-28,436,41,2,-81.0,897.0,439
399,2013-10-29,437,41,2,-82.0,898.0,440
400,2013-10-30,438,42,2,-79.0,899.0,441
401,2013-10-31,439,42,2,-80.0,899.0,442
404,2013-11-01,440,43,2,-80.0,899.0,443
402,2013-11-02,441,43,2,-81.0,900.0,444
405,2013-11-03,442,44,2,-80.0,900.0,445
403,2013-11-04,443,44,2,-81.0,901.0,446
407,2013-11-16,455,50,2,-84.0,905.0,458
406,2013-11-17,456,50,2,-83.0,905.0,459
409,2013-11-24,463,53,2,-86.0,906.0,466
410,2013-11-25,464,54,2,-84.0,906.0,467
412,2013-11-26,465,54,2,-85.0,906.0,468
415,2013-11-27,466,55,2,-85.0,907.0,469
411,2013-11-28,467,55,2,-84.0,907.0,470
414,2013-11-29,468,55,2,-85.0,907.0,471
413,2013-11-30,469,56,2,-85.0,908.0,472
475,2013-12-02,470,56,2,-85.0,907.0,474
479,2013-12-03,471,57,2,-84.0,906.0,475
416,2013-12-04,472,57,2,-84.0,907.0,476
417,2013-12-05,473,58,2,-86.0,907.0,477
420,2013-12-06,474,58,2,-84.0,906.0,478
419,2013-12-07,475,59,2,-85.0,906.0,479
418,2013-12-08,476,59,2,-85.0,906.0,480
421,2013-12-09,477,60,3,-85.0,907.0,481
422,2013-12-18,486,64,3,-84.0,904.0,490
473,2013-12-19,487,64,3,-85.0,904.0,491
480,2013-12-20,488,64,3,-87.0,903.0,492
423,2013-12-21,489,65,3,-85.0,904.0,493
434,2013-12-22,490,65,3,-87.0,903.0,494
433,2013-12-23,491,66,3,-86.0,903.0,495
427,2013-12-24,492,66,3,-86.0,903.0,496
426,2013-12-25,493,67,3,-84.0,902.0,497
429,2013-12-26,494,67,3,-85.0,902.0,498
431,2013-12-27,495,68,3,-86.0,900.0,499
428,2013-12-28,496,68,3,-85.0,901.0,500
425,2013-12-29,497,69,3,-86.0,901.0,501
424,2013-12-30,498,69,3,-86.0,901.0,502
432,2013-12-31,499,69,3,-84.0,899.0,503
430,2014-01-01,500,70,3,-85.0,897.0,504
435,2014-01-02,501,70,3,-86.0,898.0,505
437,2014-01-03,502,71,3,-87.0,898.0,506
483,2014-01-04,503,71,3,-86.0,897.0,507
436,2014-01-05,504,72,3,-85.0,895.0,508
438,2014-01-06,505,72,3,-85.0,895.0,509
439,2014-01-08,506,73,3,-86.0,894.0,511
440,2014-01-09,507,73,3,-85.0,894.0,512
442,2014-01-10,508,73,3,-83.0,893.0,513
443,2014-01-11,509,74,3,-86.0,895.0,514
441,2014-01-12,510,74,3,-85.0,892.0,515
446,2014-01-13,511,75,3,-85.0,892.0,516
444,2014-01-14,512,75,3,-86.0,890.0,517
445,2014-01-15,513,76,3,-86.0,889.0,518
447,2014-01-16,514,76,3,-86.0,888.0,519
450,2014-01-17,515,77,3,-86.0,888.0,520
449,2014-01-18,516,77,3,-86.0,888.0,521
448,2014-01-19,517,77,3,-86.0,885.0,522
451,2014-01-20,518,78,3,-85.0,885.0,523
452,2014-01-21,519,78,3,-86.0,884.0,524
453,2014-01-22,520,79,3,-86.0,884.0,525
454,2014-01-23,521,79,3,-87.0,882.0,526
455,2014-01-24,522,80,3,-85.0,881.0,527
458,2014-01-25,523,80,3,-85.0,881.0,528
457,2014-01-26,524,81,3,-85.0,880.0,529
456,2014-01-27,525,81,3,-87.0,878.0,530
459,2014-01-28,526,82,3,-87.0,878.0,531
460,2014-01-29,527,82,3,-86.0,877.0,532
461,2014-01-30,528,82,3,-86.0,876.0,533
462,2014-01-31,529,83,3,-87.0,875.0,534
463,2014-02-01,530,83,3,-87.0,873.0,535
465,2014-02-02,531,84,3,-87.0,872.0,536
464,2014-02-03,532,84,3,-88.0,872.0,537
466,2014-02-04,533,85,3,-87.0,871.0,538
467,2014-02-05,534,85,3,-86.0,869.0,539
468,2014-02-06,535,86,3,-88.0,868.0,540
470,2014-02-07,536,86,3,-83.0,867.0,541
469,2014-02-08,537,86,3,-83.0,865.0,542
472,2014-02-09,538,87,3,-85.0,865.0,543
476,2014-02-10,539,87,3,-85.0,864.0,544
481,2014-02-11,540,88,3,-84.0,862.0,545
482,2014-02-12,541,88,3,-84.0,861.0,546
477,2014-02-13,542,89,3,-85.0,859.0,547
486,2014-02-15,543,89,3,-84.0,858.0,549
487,2014-02-16,544,90,4,-86.0,857.0,550
490,2014-02-17,545,90,4,-85.0,856.0,551
489,2014-02-18,546,91,4,-85.0,855.0,552
488,2014-02-19,547,91,4,-85.0,853.0,553
491,2014-02-20,548,91,4,-86.0,852.0,554
492,2014-02-21,549,92,4,-87.0,851.0,555
494,2014-02-22,550,92,4,-85.0,850.0,556
495,2014-02-23,551,93,4,-85.0,848.0,557
493,2014-02-24,552,93,4,-86.0,847.0,558
496,2014-02-25,553,94,4,-84.0,845.0,559
497,2014-02-26,554,94,4,-84.0,843.0,560
499,2014-02-27,555,95,4,-85.0,843.0,561
501,2014-02-28,556,95,4,-85.0,842.0,562
498,2014-03-01,557,96,4,-85.0,840.0,563
500,2014-03-02,558,96,4,-85.0,839.0,564
502,2014-03-03,559,96,4,-85.0,838.0,565
503,2014-03-04,560,97,4,-86.0,836.0,566
504,2014-03-05,561,97,4,-85.0,835.0,567
506,2014-03-06,562,98,4,-85.0,834.0,568
505,2014-03-07,563,98,4,-87.0,833.0,569
509,2014-03-08,564,99,4,-86.0,831.0,570
508,2014-03-09,565,99,4,-85.0,830.0,571
507,2014-03-10,566,100,4,-86.0,829.0,572
510,2014-03-11,567,100,4,-86.0,827.0,573
511,2014-03-12,568,101,4,-86.0,825.0,574
512,2014-03-13,569,101,4,-85.0,825.0,575
513,2014-03-14,570,102,4,-84.0,823.0,576
515,2014-03-15,571,102,4,-84.0,821.0,577
514,2014-03-16,572,102,4,-85.0,820.0,578
516,2014-03-17,573,103,4,-84.0,819.0,579
517,2014-03-18,574,103,4,-85.0,817.0,580
518,2014-03-19,575,104,4,-82.0,816.0,581
520,2014-03-20,576,104,4,-84.0,815.0,582
519,2014-03-21,577,105,4,-84.0,813.0,583
521,2014-03-22,578,105,4,-83.0,812.0,584
522,2014-03-24,579,106,4,-82.0,811.0,586
523,2014-03-25,580,106,4,-83.0,810.0,587
524,2014-03-26,581,107,4,-84.0,808.0,588
525,2014-03-27,582,107,4,-84.0,807.0,589
526,2014-03-28,583,108,4,-82.0,806.0,590
528,2014-03-29,584,108,4,-82.0,804.0,591
527,2014-03-30,585,109,4,-83.0,802.0,592
529,2014-03-31,586,109,4,-82.0,802.0,593
530,2014-04-01,587,109,4,-85.0,801.0,594
532,2014-04-02,588,110,4,-84.0,799.0,595
531,2014-04-03,589,110,4,-85.0,798.0,596
535,2014-04-04,590,111,4,-82.0,797.0,597
533,2014-04-05,591,111,4,-82.0,795.0,598
534,2014-04-06,592,112,4,-83.0,795.0,599
536,2014-04-07,593,112,4,-83.0,795.0,600
537,2014-04-08,594,113,4,-83.0,793.0,601
538,2014-04-09,595,113,4,-83.0,792.0,602
539,2014-04-10,596,114,4,-82.0,791.0,603
540,2014-04-11,597,114,4,-84.0,790.0,604
542,2014-04-12,598,115,4,-84.0,787.0,605
543,2014-04-13,599,115,4,-84.0,788.0,606
541,2014-04-14,600,116,4,-81.0,787.0,607
544,2014-04-15,601,116,4,-82.0,785.0,608
545,2014-04-16,602,117,4,-82.0,784.0,609
548,2014-04-17,603,117,4,-83.0,783.0,610
546,2014-04-18,604,118,4,-84.0,782.0,611
547,2014-04-19,605,118,4,-83.0,781.0,612
549,2014-04-20,606,118,4,-84.0,780.0,613
550,2014-04-21,607,119,4,-83.0,779.0,614
551,2014-04-22,608,119,4,-85.0,777.0,615
552,2014-04-23,609,120,5,-84.0,777.0,616
554,2014-04-24,610,120,5,-85.0,776.0,617
555,2014-04-25,611,121,5,-84.0,775.0,618
553,2014-04-26,612,121,5,-85.0,774.0,619
556,2014-04-27,613,122,5,-84.0,773.0,620
557,2014-04-28,614,122,5,-82.0,772.0,621
558,2014-04-29,615,123,5,-83.0,771.0,622
559,2014-05-01,616,123,5,-82.0,769.0,624
561,2014-05-02,617,124,5,-84.0,769.0,625
562,2014-05-03,618,124,5,-83.0,769.0,626
560,2014-05-04,619,125,5,-82.0,766.0,627
563,2014-05-05,620,125,5,-83.0,765.0,628
564,2014-05-06,621,126,5,-82.0,765.0,629
565,2014-05-07,622,126,5,-84.0,763.0,630
566,2014-05-08,623,127,5,-83.0,763.0,631
568,2014-05-09,624,127,5,-82.0,762.0,632
569,2014-05-10,625,128,5,-81.0,761.0,633
567,2014-05-11,626,128,5,-82.0,760.0,634
570,2014-05-12,627,129,5,-82.0,759.0,635
571,2014-05-13,628,129,5,-81.0,759.0,636
572,2014-05-14,629,130,5,-84.0,759.0,637
573,2014-05-15,630,130,5,-82.0,757.0,638
576,2014-05-16,631,131,5,-81.0,756.0,639
575,2014-05-17,632,131,5,-79.0,755.0,640
574,2014-05-18,633,132,5,-81.0,754.0,641
577,2014-05-19,634,132,5,-82.0,753.0,642
578,2014-05-20,635,133,5,-82.0,754.0,643
582,2014-05-21,636,133,5,-81.0,752.0,644
580,2014-05-22,637,134,5,-80.0,752.0,645
579,2014-05-23,638,134,5,-80.0,751.0,646
581,2014-05-24,639,135,5,-80.0,750.0,647
583,2014-05-25,640,135,5,-81.0,750.0,648
584,2014-05-26,641,136,5,-81.0,749.0,649
585,2014-05-27,642,136,5,-80.0,749.0,650
586,2014-05-28,643,137,5,-80.0,748.0,651
588,2014-05-29,644,137,5,-80.0,748.0,652
589,2014-05-30,645,138,5,-81.0,746.0,653
587,2014-05-31,646,138,5,-81.0,746.0,654
590,2014-06-01,647,139,5,-79.0,746.0,655
591,2014-06-02,648,139,5,-80.0,746.0,656
592,2014-06-03,649,140,5,-79.0,745.0,657
593,2014-06-04,650,140,5,-80.0,743.0,658
595,2014-06-05,651,141,5,-80.0,743.0,659
594,2014-06-07,652,141,5,-79.0,745.0,661
596,2014-06-08,653,142,5,-80.0,744.0,662
597,2014-06-09,654,142,5,-79.0,742.0,663
598,2014-06-10,655,143,5,-77.0,741.0,664
599,2014-06-11,656,143,5,-80.0,740.0,665
600,2014-06-12,657,144,5,-79.0,739.0,666
602,2014-06-13,658,144,5,-79.0,739.0,667
603,2014-06-14,659,145,5,-77.0,738.0,668
601,2014-06-15,660,145,5,-78.0,735.0,669
604,2014-06-16,661,146,5,-76.0,735.0,670
605,2014-06-17,662,146,5,-77.0,735.0,671
609,2014-06-18,663,147,5,-77.0,734.0,672
607,2014-06-19,664,147,5,-78.0,732.0,673
610,2014-06-20,665,148,5,-78.0,735.0,674
608,2014-06-21,666,148,5,-77.0,736.0,675
606,2014-06-22,667,149,5,-76.0,736.0,676
611,2014-06-23,668,150,6,-75.0,734.0,677
613,2014-06-24,669,150,6,-84.0,735.0,678
612,2014-06-25,670,151,6,-79.0,737.0,679
614,2014-06-26,671,151,6,-79.0,740.0,680
615,2014-06-27,672,152,6,-78.0,739.0,681
616,2014-06-28,673,152,6,-78.0,738.0,682
617,2014-06-29,674,153,6,-80.0,739.0,683
618,2014-06-30,675,153,6,-80.0,740.0,684
619,2014-07-01,676,154,6,-80.0,738.0,685
622,2014-07-02,677,154,6,-78.0,737.0,686
621,2014-07-03,678,155,6,-77.0,739.0,687
624,2014-07-04,679,155,6,-77.0,738.0,688
620,2014-07-05,680,156,6,-76.0,740.0,689
623,2014-07-06,681,156,6,-79.0,738.0,690
625,2014-07-07,682,157,6,-77.0,739.0,691
626,2014-07-08,683,158,6,-79.0,741.0,692
627,2014-07-09,684,158,6,-75.0,741.0,693
628,2014-07-10,685,159,6,-77.0,740.0,694
629,2014-07-11,686,159,6,-76.0,738.0,695
630,2014-07-12,687,160,6,-77.0,739.0,696
631,2014-07-14,688,160,6,-77.0,741.0,698
632,2014-07-15,689,161,6,-76.0,742.0,699
633,2014-07-16,690,161,6,-77.0,741.0,700
634,2014-07-17,691,162,6,-76.0,741.0,701
637,2014-07-18,692,162,6,-76.0,742.0,702
636,2014-07-19,693,163,6,-76.0,741.0,703
635,2014-07-20,694,164,6,-75.0,740.0,704
638,2014-07-21,695,164,6,-76.0,741.0,705
639,2014-07-22,696,165,6,-75.0,743.0,706
640,2014-07-23,697,165,6,-74.0,743.0,707
641,2014-07-24,698,166,6,-77.0,743.0,708
642,2014-07-25,699,166,6,-76.0,744.0,709
643,2014-07-26,700,167,6,-75.0,745.0,710
644,2014-07-27,701,167,6,-77.0,745.0,711
645,2014-07-28,702,168,6,-76.0,745.0,712
646,2014-07-29,703,169,6,-75.0,747.0,713
647,2014-07-30,704,169,6,-75.0,747.0,714
648,2014-07-31,705,170,6,-76.0,746.0,715
650,2014-08-01,706,170,6,-76.0,748.0,716
651,2014-08-02,707,171,6,-76.0,749.0,717
649,2014-08-03,708,171,6,-76.0,749.0,718
652,2014-08-04,709,172,6,-73.0,750.0,719
653,2014-08-05,710,172,6,-77.0,751.0,720
654,2014-08-06,711,173,6,-75.0,751.0,721
658,2014-08-07,712,174,6,-77.0,752.0,722
656,2014-08-08,713,174,6,-76.0,754.0,723
655,2014-08-09,714,175,6,-76.0,754.0,724
657,2014-08-10,715,175,6,-73.0,755.0,725
659,2014-08-11,716,176,6,-75.0,755.0,726
661,2014-08-12,717,176,6,-76.0,756.0,727
660,2014-08-13,718,177,6,-77.0,757.0,728
662,2014-08-14,719,178,6,-77.0,758.0,729
663,2014-08-15,720,178,6,-74.0,760.0,730
664,2014-08-16,721,179,6,-73.0,761.0,731
665,2014-08-17,722,179,6,-74.0,760.0,732
666,2014-08-18,723,180,7,-73.0,761.0,733
667,2014-08-19,724,181,7,-74.0,763.0,734
669,2014-08-21,725,181,7,-73.0,764.0,736
668,2014-08-22,726,182,7,-75.0,766.0,737
671,2014-08-23,727,182,7,-76.0,766.0,738
670,2014-08-24,728,183,7,-74.0,766.0,739
672,2014-08-25,729,183,7,-75.0,768.0,740
676,2014-08-26,730,184,7,-76.0,770.0,741
673,2014-08-27,731,185,7,-75.0,771.0,742
677,2014-08-28,732,185,7,-75.0,773.0,743
674,2014-08-29,733,186,7,-74.0,773.0,744
675,2014-08-30,734,186,7,-73.0,776.0,745
678,2014-08-31,735,187,7,-73.0,776.0,746
679,2014-09-01,736,188,7,-76.0,776.0,747
680,2014-09-02,737,188,7,-74.0,777.0,748
681,2014-09-03,738,189,7,-75.0,778.0,749
682,2014-09-04,739,189,7,-77.0,779.0,750
685,2014-09-05,740,190,7,-76.0,782.0,751
683,2014-09-06,741,191,7,-70.0,784.0,752
684,2014-09-07,742,191,7,-72.0,784.0,753
686,2014-09-08,743,192,7,-72.0,786.0,754
687,2014-09-09,744,192,7,-75.0,786.0,755
689,2014-09-10,745,193,7,-74.0,787.0,756
688,2014-09-11,746,194,7,-76.0,788.0,757
691,2014-09-12,747,194,7,-73.0,789.0,758
690,2014-09-13,748,195,7,-71.0,791.0,759
692,2014-09-14,749,195,7,-73.0,794.0,760
693,2014-09-15,750,196,7,-72.0,796.0,761
695,2014-09-16,751,197,7,-72.0,797.0,762
694,2014-09-17,752,197,7,-71.0,798.0,763
698,2014-09-18,753,198,7,-73.0,800.0,764
696,2014-09-19,754,198,7,-73.0,802.0,765
697,2014-09-20,755,199,7,-74.0,806.0,766
699,2014-09-21,756,200,7,-73.0,806.0,767
700,2014-09-22,757,200,7,-73.0,807.0,768
701,2014-09-23,758,201,7,-71.0,810.0,769
702,2014-09-24,759,201,7,-77.0,809.0,770
704,2014-09-25,760,202,7,-70.0,810.0,771
705,2014-09-27,761,203,7,-72.0,814.0,773
703,2014-09-28,762,203,7,-75.0,814.0,774
706,2014-09-29,763,204,7,-78.0,817.0,775
707,2014-09-30,764,205,7,-73.0,821.0,776
708,2014-10-01,765,205,7,-73.0,820.0,777
709,2014-10-02,766,206,7,-70.0,824.0,778
710,2014-10-03,767,206,7,-71.0,824.0,779
712,2014-10-04,768,207,7,-73.0,826.0,780
711,2014-10-05,769,208,7,-73.0,829.0,781
713,2014-10-06,770,208,7,-70.0,829.0,782
714,2014-10-07,771,209,7,-71.0,836.0,783
715,2014-10-08,772,210,8,-71.0,835.0,784
716,2014-10-09,773,210,8,-70.0,838.0,785
719,2014-10-10,774,211,8,-73.0,838.0,786
717,2014-10-11,775,211,8,-71.0,838.0,787
718,2014-10-12,776,212,8,-72.0,841.0,788
720,2014-10-13,777,213,8,-72.0,841.0,789
721,2014-10-14,778,213,8,-70.0,846.0,790
722,2014-10-15,779,214,8,-71.0,845.0,791
723,2014-10-16,780,215,8,-72.0,852.0,792
725,2014-10-17,781,215,8,-74.0,849.0,793
724,2014-10-18,782,216,8,-71.0,854.0,794
727,2014-10-19,783,216,8,-69.0,853.0,795
726,2014-10-20,784,217,8,-69.0,857.0,796
728,2014-10-21,785,218,8,-74.0,858.0,797
729,2014-10-22,786,218,8,-74.0,861.0,798
732,2014-10-23,787,219,8,-73.0,860.0,799
731,2014-10-24,788,220,8,-68.0,862.0,800
730,2014-10-25,789,220,8,-68.0,862.0,801
733,2014-10-26,790,221,8,-68.0,864.0,802
734,2014-10-27,791,222,8,-70.0,867.0,803
735,2014-10-28,792,222,8,-71.0,873.0,804
736,2014-10-29,793,223,8,-71.0,877.0,805
739,2014-10-30,794,223,8,-68.0,874.0,806
738,2014-10-31,795,224,8,-68.0,875.0,807
737,2014-11-01,796,225,8,-65.0,877.0,808
740,2014-11-03,797,225,8,-65.0,879.0,810
741,2014-11-04,798,226,8,-67.0,883.0,811
743,2014-11-05,799,227,8,-70.0,884.0,812
742,2014-11-06,800,227,8,-67.0,884.0,813
746,2014-11-07,801,228,8,-70.0,884.0,814
745,2014-11-08,802,229,8,-69.0,887.0,815
744,2014-11-09,803,229,8,-69.0,888.0,816
747,2014-11-10,804,230,8,-73.0,891.0,817
748,2014-11-11,805,231,8,-70.0,893.0,818
750,2014-11-12,806,231,8,-69.0,893.0,819
749,2014-11-13,807,232,8,-71.0,892.0,820
752,2014-11-14,808,232,8,-67.0,893.0,821
753,2014-11-15,809,233,8,-70.0,895.0,822
751,2014-11-16,810,234,8,-69.0,897.0,823
754,2014-11-17,811,234,8,-71.0,900.0,824
755,2014-11-18,812,235,8,-75.0,902.0,825
756,2014-11-19,813,236,8,-67.0,904.0,826
757,2014-11-20,814,236,8,-68.0,902.0,827
759,2014-11-21,815,237,8,-69.0,905.0,828
758,2014-11-22,816,238,8,-74.0,909.0,829
761,2014-11-23,817,238,8,-69.0,913.0,830
760,2014-11-24,818,239,8,-68.0,914.0,831
763,2014-11-25,819,240,9,-71.0,913.0,832
765,2014-11-26,820,240,9,-68.0,910.0,833
762,2014-11-27,821,241,9,-68.0,910.0,834
764,2014-11-28,822,242,9,-71.0,911.0,835
766,2014-11-29,823,242,9,-69.0,912.0,836
768,2014-11-30,824,243,9,-67.0,914.0,837
767,2014-12-01,825,243,9,-67.0,914.0,838
770,2014-12-02,826,244,9,-68.0,914.0,839
769,2014-12-03,827,245,9,-68.0,911.0,840
771,2014-12-04,828,245,9,-71.0,914.0,841
773,2014-12-05,829,246,9,-71.0,914.0,842
772,2014-12-06,830,247,9,-68.0,918.0,843
774,2014-12-07,831,247,9,-68.0,920.0,844
775,2014-12-08,832,248,9,-68.0,924.0,845
776,2014-12-09,833,249,9,-69.0,923.0,846
777,2014-12-11,834,249,9,-68.0,918.0,848
780,2014-12-12,835,250,9,-69.0,917.0,849
778,2014-12-13,836,251,9,-69.0,916.0,850
779,2014-12-14,837,251,9,-69.0,916.0,851
782,2014-12-15,838,252,9,-69.0,917.0,852
781,2014-12-16,839,253,9,-70.0,917.0,853
783,2014-12-17,840,253,9,-74.0,913.0,854
784,2014-12-18,841,254,9,-75.0,914.0,855
790,2014-12-19,842,255,9,-69.0,914.0,856
793,2014-12-20,843,255,9,-69.0,916.0,857
788,2014-12-21,844,256,9,-68.0,917.0,858
786,2014-12-22,845,257,9,-73.0,920.0,859
785,2014-12-23,846,257,9,-74.0,925.0,860
791,2014-12-24,847,258,9,-69.0,918.0,861
792,2014-12-25,848,258,9,-69.0,918.0,862
787,2014-12-26,849,259,9,-69.0,918.0,863
789,2014-12-27,850,260,9,-68.0,918.0,864
794,2014-12-28,851,260,9,-68.0,919.0,865
797,2014-12-29,852,261,9,-73.0,916.0,866
796,2014-12-30,853,262,9,-67.0,913.0,867
798,2014-12-31,854,262,9,-66.0,910.0,868
799,2015-01-01,855,263,9,-69.0,912.0,869
795,2015-01-02,856,264,9,-68.0,912.0,870
801,2015-01-03,857,264,9,-76.0,911.0,871
800,2015-01-04,858,265,9,-73.0,913.0,872
802,2015-01-05,859,266,9,-72.0,915.0,873
803,2015-01-06,860,266,9,-69.0,916.0,874
804,2015-01-07,861,267,9,-70.0,917.0,875
807,2015-01-08,862,268,9,-70.0,917.0,876
805,2015-01-09,863,268,9,-72.0,916.0,877
806,2015-01-10,864,269,9,-70.0,914.0,878
808,2015-01-11,865,270,10,-70.0,913.0,879
809,2015-01-12,866,270,10,-71.0,911.0,880
810,2015-01-13,867,271,10,-71.0,910.0,881
811,2015-01-14,868,271,10,-71.0,908.0,882
812,2015-01-15,869,272,10,-72.0,906.0,883
813,2015-01-17,870,273,10,-74.0,909.0,885
814,2015-01-18,871,273,10,-70.0,903.0,886
815,2015-01-19,872,274,10,-72.0,902.0,887
817,2015-01-28,881,280,10,-73.0,899.0,896
818,2015-01-29,882,280,10,-76.0,901.0,897
820,2015-01-30,883,281,10,-74.0,897.0,898
821,2015-01-31,884,282,10,-71.0,897.0,899
819,2015-02-01,885,282,10,-71.0,895.0,900
823,2015-02-02,886,283,10,-73.0,894.0,901
822,2015-02-03,887,284,10,-73.0,897.0,902
824,2015-02-04,888,284,10,-70.0,896.0,903
825,2015-02-05,889,285,10,-70.0,895.0,904
826,2015-02-06,890,286,10,-72.0,892.0,905
827,2015-02-07,891,286,10,-72.0,892.0,906
828,2015-02-08,892,287,10,-71.0,892.0,907
829,2015-02-09,893,287,10,-72.0,890.0,908
830,2015-02-10,894,288,10,-75.0,891.0,909
831,2015-02-11,895,289,10,-72.0,889.0,910
833,2015-02-12,896,289,10,-70.0,888.0,911
832,2015-02-13,897,290,10,-72.0,884.0,912
834,2015-02-14,898,291,10,-72.0,883.0,913
835,2015-02-15,899,291,10,-75.0,881.0,914
836,2015-02-16,900,292,10,-70.0,883.0,915
837,2015-02-17,901,292,10,-71.0,885.0,916
838,2015-02-18,902,293,10,-68.0,883.0,917
839,2015-02-19,903,294,10,-71.0,882.0,918
841,2015-02-20,904,294,10,-71.0,878.0,919
840,2015-02-21,905,295,10,-71.0,880.0,920
843,2015-02-22,906,296,10,-76.0,878.0,921
842,2015-02-24,907,296,10,-75.0,879.0,923
844,2015-02-25,908,297,10,-71.0,883.0,924
845,2015-02-26,909,297,10,-70.0,878.0,925
847,2015-02-27,910,298,10,-73.0,878.0,926
846,2015-02-28,911,299,10,-70.0,874.0,927
849,2015-03-01,912,299,10,-75.0,875.0,928
848,2015-03-02,913,300,11,-71.0,871.0,929
850,2015-03-03,914,300,11,-71.0,874.0,930
851,2015-03-04,915,301,11,-71.0,878.0,931
852,2015-03-05,916,302,11,-71.0,872.0,932
854,2015-03-06,917,302,11,-76.0,871.0,933
853,2015-03-07,918,303,11,-71.0,867.0,934
855,2015-03-08,919,304,11,-74.0,870.0,935
856,2015-03-09,920,304,11,-72.0,868.0,936
857,2015-03-10,921,305,11,-70.0,867.0,937
858,2015-03-11,922,305,11,-73.0,870.0,938
859,2015-03-12,923,306,11,-72.0,867.0,939
861,2015-03-13,924,307,11,-74.0,867.0,940
860,2015-03-14,925,307,11,-71.0,862.0,941
862,2015-03-15,926,308,11,-76.0,864.0,942
863,2015-03-16,927,308,11,-76.0,862.0,943
864,2015-03-17,928,309,11,-72.0,862.0,944
865,2015-03-18,929,310,11,-75.0,866.0,945
868,2015-03-19,930,310,11,-75.0,865.0,946
867,2015-03-20,931,311,11,-69.0,864.0,947
866,2015-03-21,932,311,11,-71.0,859.0,948
869,2015-03-22,933,312,11,-71.0,863.0,949
870,2015-03-23,934,313,11,-73.0,858.0,950
872,2015-03-24,935,313,11,-75.0,862.0,951
871,2015-03-25,936,314,11,-72.0,865.0,952
874,2015-03-26,937,314,11,-73.0,863.0,953
876,2015-03-29,940,316,11,-73.0,861.0,956
875,2015-03-30,941,317,11,-74.0,857.0,957
880,2015-03-31,942,317,11,-74.0,857.0,958
877,2015-04-02,943,318,11,-73.0,854.0,960
878,2015-04-03,944,318,11,-70.0,852.0,961
881,2015-04-04,945,319,11,-72.0,851.0,962
879,2015-04-05,946,320,11,-77.0,850.0,963
882,2015-04-06,947,320,11,-70.0,853.0,964
883,2015-04-07,948,321,11,-73.0,854.0,965
884,2015-04-08,949,321,11,-72.0,851.0,966
885,2015-04-09,950,322,11,-73.0,850.0,967
888,2015-04-10,951,323,11,-75.0,849.0,968
886,2015-04-11,952,323,11,-69.0,847.0,969
887,2015-04-12,953,324,11,-71.0,847.0,970
889,2015-04-13,954,324,11,-73.0,847.0,971
892,2015-04-17,958,327,11,-74.0,848.0,975
891,2015-04-18,959,327,11,-78.0,846.0,976
893,2015-04-19,960,328,11,-76.0,846.0,977
895,2015-04-20,961,328,11,-71.0,849.0,978
894,2015-04-21,962,329,11,-73.0,845.0,979
896,2015-04-22,963,329,11,-71.0,850.0,980
897,2015-04-23,964,330,12,-72.0,847.0,981
898,2015-04-24,965,331,12,-75.0,847.0,982
900,2015-04-25,966,331,12,-73.0,850.0,983
899,2015-04-26,967,332,12,-74.0,844.0,984
901,2015-04-27,968,332,12,-71.0,848.0,985
902,2015-04-28,969,333,12,-72.0,844.0,986
903,2015-04-29,970,333,12,-71.0,849.0,987
906,2015-04-30,971,334,12,-71.0,848.0,988
904,2015-05-01,972,334,12,-73.0,847.0,989
905,2015-05-02,973,335,12,-72.0,844.0,990
907,2015-05-03,974,336,12,-73.0,842.0,991
908,2015-05-04,975,336,12,-73.0,843.0,992
909,2015-05-05,976,337,12,-75.0,842.0,993
910,2015-05-06,977,337,12,-75.0,841.0,994
913,2015-05-07,978,338,12,-73.0,842.0,995
912,2015-05-09,979,338,12,-79.0,841.0,997
911,2015-05-10,980,339,12,-73.0,840.0,998
914,2015-05-11,981,339,12,-73.0,841.0,999
917,2015-05-12,982,340,12,-74.0,840.0,1000
916,2015-05-13,983,340,12,-76.0,840.0,1001
915,2015-05-14,984,341,12,-74.0,840.0,1002
918,2015-05-15,985,342,12,-78.0,840.0,1003
919,2015-05-16,986,342,12,-74.0,840.0,1004
920,2015-05-17,987,343,12,-74.0,839.0,1005
922,2015-05-18,988,343,12,-75.0,840.0,1006
921,2015-05-19,989,344,12,-74.0,841.0,1007
923,2015-05-20,990,344,12,-76.0,839.0,1008
926,2015-05-21,991,345,12,-73.0,840.0,1009
924,2015-05-22,992,345,12,-73.0,842.0,1010
927,2015-05-23,993,346,12,-73.0,840.0,1011
925,2015-05-24,994,346,12,-79.0,842.0,1012
929,2015-05-25,995,347,12,-74.0,842.0,1013
928,2015-05-26,996,348,12,-72.0,842.0,1014
930,2015-05-27,997,348,12,-74.0,843.0,1015
931,2015-05-28,998,349,12,-73.0,842.0,1016
932,2015-05-30,1000,350,12,-74.0,841.0,1018
933,2015-05-31,1001,350,12,-79.0,843.0,1019
936,2015-06-01,1002,351,12,-77.0,844.0,1020
934,2015-06-02,1003,351,12,-74.0,843.0,1021
935,2015-06-03,1004,352,12,-74.0,842.0,1022
939,2015-06-04,1005,352,12,-75.0,843.0,1023
941,2015-06-05,1006,353,12,-78.0,844.0,1024
937,2015-06-06,1007,353,12,-79.0,845.0,1025
940,2015-06-07,1008,354,12,-79.0,844.0,1026
946,2015-06-08,1009,354,12,-75.0,845.0,1027
947,2015-06-09,1010,355,12,-74.0,846.0,1028
948,2015-06-10,1011,355,12,-78.0,845.0,1029
949,2015-06-11,1012,356,12,-81.0,846.0,1030
953,2015-06-12,1013,356,12,-80.0,846.0,1031
950,2015-06-13,1014,357,12,-77.0,846.0,1032
951,2015-06-14,1015,357,12,-75.0,847.0,1033
952,2015-06-16,1016,358,12,-76.0,847.0,1035
955,2015-06-17,1017,359,12,-78.0,850.0,1036
956,2015-06-18,1018,359,12,-79.0,850.0,1037
954,2015-06-19,1019,0,1,-81.0,849.0,1038
938,2015-06-20,1020,0,1,-63.0,832.0,1039
942,2015-06-21,1021,1,1,-76.0,850.0,1040
944,2015-06-22,1022,1,1,-75.0,852.0,1041
943,2015-06-23,1023,2,1,-76.0,851.0,1042
945,2015-06-24,1024,2,1,-76.0,851.0,1043
958,2015-06-25,1025,3,1,-74.0,851.0,1044
957,2015-06-26,1026,3,1,-78.0,851.0,1045
960,2015-06-28,1028,4,1,-75.0,853.0,1047
959,2015-06-29,1029,5,1,-75.0,856.0,1048
961,2015-06-30,1030,5,1,-77.0,855.0,1049
963,2015-07-01,1031,6,1,-76.0,854.0,1050
962,2015-07-02,1032,6,1,-74.0,854.0,1051
965,2015-07-03,1033,7,1,-77.0,856.0,1052
964,2015-07-04,1034,7,1,-76.0,859.0,1053
966,2015-07-05,1035,8,1,-77.0,857.0,1054
967,2015-07-06,1036,8,1,-76.0,856.0,1055
968,2015-07-07,1037,9,1,-80.0,856.0,1056
969,2015-07-08,1038,9,1,-76.0,858.0,1057
970,2015-07-09,1039,10,1,-77.0,857.0,1058
972,2015-07-10,1040,10,1,-77.0,858.0,1059
971,2015-07-11,1041,11,1,-77.0,859.0,1060
973,2015-07-12,1042,11,1,-76.0,859.0,1061
974,2015-07-13,1043,12,1,-77.0,860.0,1062
975,2015-07-14,1044,12,1,-79.0,860.0,1063
978,2015-07-15,1045,13,1,-80.0,861.0,1064
979,2015-07-16,1046,13,1,-77.0,862.0,1065
977,2015-07-17,1047,14,1,-77.0,863.0,1066
976,2015-07-18,1048,14,1,-78.0,864.0,1067
980,2015-07-19,1049,15,1,-75.0,864.0,1068
981,2015-07-20,1050,15,1,-76.0,863.0,1069
983,2015-07-21,1051,16,1,-76.0,864.0,1070
982,2015-07-23,1052,16,1,-78.0,865.0,1072
984,2015-07-24,1053,17,1,-79.0,865.0,1073
985,2015-07-25,1054,17,1,-77.0,867.0,1074
987,2015-07-26,1055,17,1,-77.0,868.0,1075
986,2015-07-27,1056,18,1,-76.0,868.0,1076
988,2015-07-28,1057,18,1,-78.0,867.0,1077
989,2015-07-29,1058,19,1,-78.0,868.0,1078
990,2015-07-30,1059,19,1,-78.0,870.0,1079
992,2015-07-31,1060,20,1,-78.0,870.0,1080
993,2015-08-01,1061,20,1,-77.0,871.0,1081
991,2015-08-02,1062,21,1,-77.0,871.0,1082
994,2015-08-03,1063,21,1,-79.0,871.0,1083
996,2015-08-04,1064,22,1,-77.0,871.0,1084
995,2015-08-05,1065,22,1,-78.0,873.0,1085
997,2015-08-06,1066,23,1,-78.0,875.0,1086
998,2015-08-07,1067,23,1,-79.0,875.0,1087
1000,2015-08-08,1068,24,1,-76.0,874.0,1088
999,2015-08-09,1069,24,1,-77.0,876.0,1089
1001,2015-08-10,1070,25,1,-80.0,877.0,1090
1002,2015-08-11,1071,25,1,-78.0,878.0,1091
1003,2015-08-12,1072,26,1,-78.0,879.0,1092
1004,2015-08-13,1073,26,1,-82.0,879.0,1093
1005,2015-08-14,1074,27,1,-77.0,878.0,1094
1006,2015-08-15,1075,27,1,-77.0,879.0,1095
1007,2015-08-16,1076,28,1,-81.0,880.0,1096
1008,2015-08-17,1077,28,1,-79.0,880.0,1097
1009,2015-08-18,1078,29,1,-80.0,881.0,1098
1010,2015-08-19,1079,29,1,-80.0,882.0,1099
1013,2015-08-20,1080,29,1,-77.0,882.0,1100
1011,2015-08-21,1081,30,2,-77.0,882.0,1101
1012,2015-08-22,1082,30,2,-79.0,882.0,1102
1014,2015-08-23,1083,31,2,-80.0,883.0,1103
1015,2015-08-24,1084,31,2,-78.0,885.0,1104
1017,2015-08-25,1085,32,2,-79.0,886.0,1105
1016,2015-08-26,1086,32,2,-77.0,885.0,1106
1019,2015-08-27,1087,33,2,-78.0,885.0,1107
1020,2015-08-29,1088,33,2,-77.0,885.0,1109
1018,2015-08-30,1089,34,2,-76.0,885.0,1110
1021,2015-08-31,1090,34,2,-78.0,886.0,1111
1022,2015-09-01,1091,35,2,-77.0,886.0,1112
1023,2015-09-02,1092,35,2,-79.0,886.0,1113
1024,2015-09-03,1093,36,2,-77.0,887.0,1114
1026,2015-09-04,1094,36,2,-80.0,888.0,1115
1027,2015-09-05,1095,36,2,-79.0,888.0,1116
1025,2015-09-06,1096,37,2,-79.0,888.0,1117
1028,2015-09-07,1097,37,2,-78.0,889.0,1118
1029,2015-09-08,1098,38,2,-77.0,890.0,1119
1030,2015-09-09,1099,38,2,-78.0,891.0,1120
1031,2015-09-10,1100,39,2,-79.0,890.0,1121
1034,2015-09-11,1101,39,2,-80.0,891.0,1122
1032,2015-09-12,1102,40,2,-84.0,892.0,1123
1033,2015-09-13,1103,40,2,-81.0,893.0,1124
1035,2015-09-14,1104,41,2,-79.0,893.0,1125
1036,2015-09-15,1105,41,2,-78.0,892.0,1126
1037,2015-09-16,1106,42,2,-82.0,893.0,1127
1040,2015-09-17,1107,42,2,-79.0,893.0,1128
1038,2015-09-18,1108,42,2,-78.0,895.0,1129
1039,2015-09-19,1109,43,2,-82.0,895.0,1130
1041,2015-09-20,1110,43,2,-81.0,895.0,1131
1042,2015-09-21,1111,44,2,-79.0,896.0,1132
1043,2015-09-22,1112,44,2,-80.0,895.0,1133
1044,2015-09-23,1113,45,2,-79.0,895.0,1134
1045,2015-09-24,1114,45,2,-79.0,896.0,1135
1047,2015-09-25,1115,46,2,-80.0,897.0,1136
1046,2015-09-26,1116,46,2,-79.0,898.0,1137
1048,2015-09-27,1117,47,2,-79.0,898.0,1138
1049,2015-09-28,1118,47,2,-80.0,898.0,1139
1050,2015-09-29,1119,48,2,-81.0,899.0,1140
1051,2015-09-30,1120,48,2,-80.0,900.0,1141
1052,2015-10-01,1121,48,2,-81.0,901.0,1142
1053,2015-10-02,1122,49,2,-79.0,901.0,1143
1054,2015-10-03,1123,49,2,-79.0,900.0,1144
1055,2015-10-04,1124,50,2,-80.0,900.0,1145
1056,2015-10-06,1125,50,2,-79.0,900.0,1147
1057,2015-10-07,1126,51,2,-79.0,901.0,1148
1058,2015-10-08,1127,51,2,-80.0,901.0,1149
1059,2015-10-09,1128,52,2,-79.0,902.0,1150
1060,2015-10-10,1129,52,2,-80.0,902.0,1151
1061,2015-10-11,1130,53,2,-81.0,902.0,1152
1062,2015-10-12,1131,53,2,-81.0,902.0,1153
1063,2015-10-13,1132,53,2,-82.0,902.0,1154
1064,2015-10-14,1133,54,2,-82.0,902.0,1155
1065,2015-10-15,1134,54,2,-80.0,902.0,1156
1069,2015-10-16,1135,55,2,-81.0,901.0,1157
1066,2015-10-17,1136,55,2,-82.0,901.0,1158
1068,2015-10-18,1137,56,2,-81.0,901.0,1159
1067,2015-10-19,1138,56,2,-82.0,901.0,1160
1070,2015-10-20,1139,57,2,-80.0,901.0,1161
1071,2015-10-21,1140,57,2,-81.0,901.0,1162
1072,2015-10-22,1141,57,2,-82.0,902.0,1163
1073,2015-10-23,1142,58,2,-82.0,902.0,1164
1074,2015-10-24,1143,58,2,-82.0,901.0,1165
1075,2015-10-25,1144,59,2,-82.0,902.0,1166
1076,2015-10-26,1145,59,2,-82.0,903.0,1167
1077,2015-10-27,1146,60,3,-82.0,902.0,1168
1078,2015-10-28,1147,60,3,-80.0,901.0,1169
1080,2015-10-29,1148,61,3,-80.0,901.0,1170
1079,2015-10-30,1149,61,3,-81.0,902.0,1171
1081,2015-10-31,1150,62,3,-82.0,902.0,1172
1082,2015-11-01,1151,62,3,-82.0,901.0,1173
1086,2015-11-02,1152,62,3,-80.0,901.0,1174
1083,2015-11-03,1153,63,3,-82.0,900.0,1175
1088,2015-11-04,1154,63,3,-84.0,900.0,1176
1084,2015-11-05,1155,64,3,-84.0,900.0,1177
1085,2015-11-06,1156,64,3,-84.0,900.0,1178
1087,2015-11-07,1157,65,3,-82.0,900.0,1179
1089,2015-11-08,1158,65,3,-82.0,898.0,1180
1090,2015-11-09,1159,66,3,-82.0,898.0,1181
1091,2015-11-10,1160,66,3,-80.0,899.0,1182
1092,2015-11-12,1161,66,3,-83.0,898.0,1184
1093,2015-11-13,1162,67,3,-84.0,897.0,1185
1094,2015-11-14,1163,67,3,-86.0,896.0,1186
1095,2015-11-15,1164,68,3,-86.0,896.0,1187
1096,2015-11-16,1165,68,3,-84.0,897.0,1188
1097,2015-11-17,1166,69,3,-84.0,895.0,1189
1098,2015-11-18,1167,69,3,-84.0,894.0,1190
1102,2015-11-19,1168,70,3,-84.0,894.0,1191
1100,2015-11-20,1169,70,3,-89.0,894.0,1192
1101,2015-11-21,1170,71,3,-85.0,893.0,1193
1099,2015-11-22,1171,71,3,-87.0,892.0,1194
1104,2015-11-23,1172,71,3,-87.0,892.0,1195
1103,2015-11-24,1173,72,3,-87.0,892.0,1196
1105,2015-11-25,1174,72,3,-85.0,891.0,1197
1106,2015-11-26,1175,73,3,-85.0,890.0,1198
1107,2015-11-27,1176,73,3,-84.0,890.0,1199
1108,2015-11-28,1177,74,3,-84.0,888.0,1200
1109,2015-11-29,1178,74,3,-86.0,888.0,1201
1110,2015-11-30,1179,75,3,-85.0,887.0,1202
1111,2015-12-01,1180,75,3,-86.0,886.0,1203
1112,2015-12-02,1181,75,3,-86.0,885.0,1204
1114,2015-12-03,1182,76,3,-85.0,884.0,1205
1113,2015-12-04,1183,76,3,-86.0,883.0,1206
1115,2015-12-05,1184,77,3,-85.0,882.0,1207
1116,2015-12-06,1185,77,3,-84.0,881.0,1208
1117,2015-12-07,1186,78,3,-86.0,881.0,1209
1118,2015-12-08,1187,78,3,-84.0,881.0,1210
1119,2015-12-09,1188,79,3,-90.0,881.0,1211
1120,2015-12-10,1189,79,3,-87.0,879.0,1212
1121,2015-12-11,1190,79,3,-87.0,877.0,1213
1122,2015-12-12,1191,80,3,-87.0,876.0,1214
1123,2015-12-13,1192,80,3,-86.0,876.0,1215
1124,2015-12-14,1193,81,3,-84.0,875.0,1216
1125,2015-12-15,1194,81,3,-84.0,873.0,1217
1126,2015-12-16,1195,82,3,-86.0,872.0,1218
1129,2015-12-17,1196,82,3,-86.0,871.0,1219
1127,2015-12-18,1197,83,3,-85.0,869.0,1220
1128,2015-12-20,1198,83,3,-86.0,868.0,1222
1130,2015-12-21,1199,84,3,-86.0,868.0,1223
1131,2015-12-22,1200,84,3,-84.0,866.0,1224
1132,2015-12-23,1201,84,3,-85.0,866.0,1225
1133,2015-12-24,1202,85,3,-85.0,864.0,1226
1136,2015-12-25,1203,85,3,-85.0,863.0,1227
1135,2015-12-26,1204,86,3,-84.0,862.0,1228
1134,2015-12-27,1205,86,3,-86.0,861.0,1229
1137,2015-12-28,1206,87,3,-85.0,859.0,1230
1138,2015-12-29,1207,87,3,-85.0,858.0,1231
1139,2015-12-30,1208,88,3,-85.0,857.0,1232
1141,2015-12-31,1209,88,3,-85.0,855.0,1233
1140,2016-01-01,1210,88,3,-85.0,854.0,1234
1142,2016-01-02,1211,89,3,-83.0,853.0,1235
1143,2016-01-03,1212,89,3,-86.0,851.0,1236
1145,2016-01-04,1213,90,4,-84.0,851.0,1237
1144,2016-01-05,1214,90,4,-85.0,849.0,1238
1146,2016-01-06,1215,91,4,-85.0,848.0,1239
1147,2016-01-07,1216,91,4,-86.0,847.0,1240
1148,2016-01-08,1217,92,4,-88.0,846.0,1241
1149,2016-01-09,1218,92,4,-86.0,845.0,1242
1150,2016-01-10,1219,93,4,-87.0,844.0,1243
1151,2016-01-11,1220,93,4,-87.0,842.0,1244
1152,2016-01-12,1221,93,4,-87.0,841.0,1245
1153,2016-01-13,1222,94,4,-87.0,840.0,1246
1155,2016-01-14,1223,94,4,-88.0,839.0,1247
1154,2016-01-15,1224,95,4,-88.0,837.0,1248
1156,2016-01-16,1225,95,4,-87.0,836.0,1249
1157,2016-01-17,1226,96,4,-87.0,835.0,1250
1158,2016-01-18,1227,96,4,-88.0,833.0,1251
1159,2016-01-19,1228,97,4,-88.0,832.0,1252
1160,2016-01-20,1229,97,4,-88.0,831.0,1253
1161,2016-01-21,1230,98,4,-88.0,830.0,1254
1162,2016-01-22,1231,98,4,-88.0,828.0,1255
1163,2016-01-23,1232,99,4,-88.0,827.0,1256
1164,2016-01-24,1233,99,4,-88.0,826.0,1257
1166,2016-01-26,1234,99,4,-88.0,824.0,1259
1165,2016-01-27,1235,100,4,-88.0,824.0,1260
1170,2016-01-28,1236,100,4,-87.0,822.0,1261
1169,2016-01-29,1237,101,4,-88.0,820.0,1262
1167,2016-01-30,1238,101,4,-87.0,819.0,1263
1168,2016-01-31,1239,102,4,-89.0,818.0,1264
1171,2016-02-01,1240,102,4,-87.0,816.0,1265
1172,2016-02-02,1241,103,4,-87.0,816.0,1266
1173,2016-02-03,1242,103,4,-87.0,815.0,1267
1174,2016-02-04,1243,104,4,-86.0,814.0,1268
1175,2016-02-05,1244,104,4,-85.0,812.0,1269
1176,2016-02-06,1245,105,4,-86.0,811.0,1270
1178,2016-02-07,1246,105,4,-85.0,810.0,1271
1177,2016-02-08,1247,105,4,-85.0,809.0,1272
1179,2016-02-09,1248,106,4,-86.0,807.0,1273
1180,2016-02-10,1249,106,4,-85.0,806.0,1274
1182,2016-02-11,1250,107,4,-85.0,804.0,1275
1185,2016-02-12,1251,107,4,-85.0,803.0,1276
1184,2016-02-13,1252,108,4,-85.0,802.0,1277
1181,2016-02-14,1253,108,4,-85.0,800.0,1278
1183,2016-02-15,1254,109,4,-84.0,799.0,1279
1187,2016-02-16,1255,109,4,-84.0,798.0,1280
1186,2016-02-17,1256,110,4,-84.0,797.0,1281
1188,2016-02-18,1257,110,4,-84.0,794.0,1282
1189,2016-02-19,1258,111,4,-83.0,794.0,1283
1190,2016-02-20,1259,111,4,-84.0,794.0,1284
1191,2016-02-21,1260,112,4,-83.0,792.0,1285
1192,2016-02-22,1261,112,4,-81.0,790.0,1286
1193,2016-02-23,1262,112,4,-81.0,790.0,1287
1194,2016-02-24,1263,113,4,-84.0,788.0,1288
1195,2016-02-25,1264,113,4,-84.0,787.0,1289
1197,2016-02-26,1265,114,4,-81.0,787.0,1290
1196,2016-02-27,1266,114,4,-82.0,787.0,1291
1198,2016-02-28,1267,115,4,-83.0,786.0,1292
1199,2016-02-29,1268,115,4,-83.0,784.0,1293
1201,2016-03-01,1269,116,4,-83.0,782.0,1294
1200,2016-03-03,1270,116,4,-82.0,782.0,1296
1202,2016-03-04,1271,117,4,-84.0,781.0,1297
1203,2016-03-05,1272,117,4,-81.0,780.0,1298
1204,2016-03-06,1273,118,4,-79.0,778.0,1299
1205,2016-03-07,1274,118,4,-82.0,777.0,1300
1206,2016-03-08,1275,119,4,-82.0,775.0,1301
1207,2016-03-09,1276,119,4,-83.0,774.0,1302
1208,2016-03-10,1277,120,5,-84.0,774.0,1303
1210,2016-03-11,1278,120,5,-83.0,773.0,1304
1209,2016-03-12,1279,121,5,-83.0,772.0,1305
1211,2016-03-13,1280,121,5,-84.0,771.0,1306
1212,2016-03-14,1281,122,5,-83.0,769.0,1307
1213,2016-03-15,1282,122,5,-81.0,768.0,1308
1214,2016-03-16,1283,123,5,-82.0,767.0,1309
1216,2016-03-17,1284,123,5,-80.0,767.0,1310
1217,2016-03-18,1285,123,5,-80.0,766.0,1311
1215,2016-03-19,1286,124,5,-80.0,765.0,1312
1218,2016-03-20,1287,124,5,-80.0,764.0,1313
1219,2016-03-21,1288,125,5,-80.0,763.0,1314
1220,2016-03-24,1291,126,5,-80.0,760.0,1317
1222,2016-03-25,1292,127,5,-81.0,760.0,1318
1221,2016-03-26,1293,127,5,-81.0,758.0,1319
1223,2016-03-27,1294,128,5,-79.0,758.0,1320
1224,2016-03-28,1295,128,5,-79.0,757.0,1321
1226,2016-03-29,1296,129,5,-79.0,756.0,1322
1225,2016-03-30,1297,129,5,-80.0,755.0,1323
1229,2016-03-31,1298,130,5,-79.0,755.0,1324
1228,2016-04-01,1299,130,5,-80.0,753.0,1325
1227,2016-04-02,1300,131,5,-79.0,752.0,1326
1230,2016-04-03,1301,131,5,-78.0,752.0,1327
1231,2016-04-04,1302,132,5,-80.0,751.0,1328
1232,2016-04-05,1303,132,5,-78.0,751.0,1329
1233,2016-04-06,1304,133,5,-80.0,750.0,1330
1235,2016-04-07,1305,133,5,-80.0,749.0,1331
1234,2016-04-08,1306,134,5,-79.0,748.0,1332
1236,2016-04-10,1307,134,5,-80.0,748.0,1334
1237,2016-04-11,1308,135,5,-81.0,748.0,1335
1238,2016-04-12,1309,135,5,-81.0,747.0,1336
1239,2016-04-13,1310,136,5,-76.0,745.0,1337
1240,2016-04-14,1311,136,5,-78.0,745.0,1338
1243,2016-04-15,1312,137,5,-77.0,745.0,1339
1241,2016-04-16,1313,137,5,-77.0,745.0,1340
1242,2016-04-17,1314,138,5,-78.0,744.0,1341
1244,2016-04-18,1315,138,5,-77.0,744.0,1342
1245,2016-04-19,1316,139,5,-80.0,744.0,1343
1246,2016-04-20,1317,139,5,-80.0,743.0,1344
1247,2016-04-21,1318,140,5,-80.0,743.0,1345
1248,2016-04-22,1319,140,5,-78.0,742.0,1346
1250,2016-04-23,1320,141,5,-77.0,741.0,1347
1249,2016-04-24,1321,141,5,-77.0,740.0,1348
1251,2016-04-25,1322,142,5,-78.0,740.0,1349
1252,2016-04-26,1323,142,5,-77.0,738.0,1350
1253,2016-04-27,1324,143,5,-78.0,738.0,1351
1256,2016-04-28,1325,144,5,-78.0,738.0,1352
1254,2016-04-29,1326,144,5,-77.0,738.0,1353
1255,2016-04-30,1327,145,5,-76.0,736.0,1354
1257,2016-05-01,1328,145,5,-77.0,735.0,1355
1258,2016-05-02,1329,146,5,-74.0,735.0,1356
1259,2016-05-03,1330,146,5,-78.0,734.0,1357
1260,2016-05-04,1331,147,5,-76.0,734.0,1358
1262,2016-05-05,1332,147,5,-78.0,734.0,1359
1263,2016-05-06,1333,148,5,-76.0,733.0,1360
1261,2016-05-07,1334,148,5,-77.0,732.0,1361
1264,2016-05-08,1335,149,5,-77.0,732.0,1362
1265,2016-05-09,1336,149,5,-75.0,732.0,1363
1266,2016-05-10,1337,150,6,-76.0,734.0,1364
1267,2016-05-11,1338,150,6,-75.0,734.0,1365
1268,2016-05-12,1339,151,6,-77.0,733.0,1366
1269,2016-05-13,1340,151,6,-76.0,734.0,1367
1270,2016-05-14,1341,152,6,-76.0,735.0,1368
1271,2016-05-15,1342,152,6,-80.0,735.0,1369
1272,2016-05-17,1343,153,6,-74.0,735.0,1371
1273,2016-05-18,1344,153,6,-75.0,734.0,1372
1276,2016-05-19,1345,154,6,-75.0,735.0,1373
1274,2016-05-20,1346,155,6,-75.0,737.0,1374
1277,2016-05-21,1347,155,6,-75.0,736.0,1375
1275,2016-05-22,1348,156,6,-76.0,735.0,1376
1278,2016-05-23,1349,156,6,-73.0,737.0,1377
1279,2016-05-24,1350,157,6,-73.0,738.0,1378
1280,2016-05-25,1351,157,6,-72.0,739.0,1379
1283,2016-05-26,1352,158,6,-73.0,736.0,1380
1281,2016-05-27,1353,158,6,-76.0,737.0,1381
1282,2016-05-28,1354,159,6,-75.0,739.0,1382
1284,2016-05-29,1355,159,6,-75.0,740.0,1383
1286,2016-05-30,1356,160,6,-74.0,739.0,1384
1285,2016-05-31,1357,160,6,-72.0,738.0,1385
1287,2016-06-01,1358,161,6,-74.0,738.0,1386
1288,2016-06-02,1359,162,6,-76.0,739.0,1387
1289,2016-06-03,1360,162,6,-76.0,739.0,1388
1290,2016-06-04,1361,163,6,-75.0,739.0,1389
1291,2016-06-05,1362,163,6,-74.0,739.0,1390
1292,2016-06-06,1363,164,6,-75.0,740.0,1391
1293,2016-06-07,1364,164,6,-74.0,740.0,1392
1294,2016-06-08,1365,165,6,-74.0,739.0,1393
1295,2016-06-09,1366,165,6,-75.0,740.0,1394
1296,2016-06-10,1367,166,6,-74.0,743.0,1395
1297,2016-06-11,1368,167,6,-74.0,743.0,1396
1299,2016-06-12,1369,167,6,-73.0,742.0,1397
1298,2016-06-13,1370,168,6,-74.0,744.0,1398
1301,2016-06-14,1371,168,6,-75.0,746.0,1399
1300,2016-06-15,1372,169,6,-74.0,745.0,1400
1303,2016-06-16,1373,169,6,-74.0,746.0,1401
1302,2016-06-17,1374,170,6,-75.0,748.0,1402
1304,2016-06-18,1375,170,6,-73.0,749.0,1403
1305,2016-06-19,1376,171,6,-75.0,749.0,1404
1306,2016-06-20,1377,172,6,-76.0,749.0,1405
1308,2016-06-21,1378,172,6,-76.0,751.0,1406
1307,2016-06-23,1379,173,6,-77.0,751.0,1408
1311,2016-06-24,1380,173,6,-74.0,751.0,1409
1309,2016-06-25,1381,174,6,-73.0,751.0,1410
1310,2016-06-26,1382,174,6,-76.0,752.0,1411
1312,2016-06-27,1383,175,6,-73.0,752.0,1412
1313,2016-06-28,1384,176,6,-74.0,753.0,1413
1314,2016-06-29,1385,176,6,-75.0,755.0,1414
1315,2016-06-30,1386,177,6,-74.0,755.0,1415
1316,2016-07-01,1387,177,6,-74.0,755.0,1416
1317,2016-07-02,1388,178,6,-73.0,756.0,1417
1318,2016-07-12,1398,184,7,-66.0,751.0,1427
1319,2016-07-13,1399,184,7,-73.0,770.0,1428
1322,2016-07-14,1400,185,7,-73.0,770.0,1429
1321,2016-07-15,1401,185,7,-73.0,770.0,1430
1320,2016-07-16,1402,186,7,-75.0,771.0,1431
1323,2016-07-17,1403,187,7,-75.0,771.0,1432
1324,2016-07-18,1404,187,7,-75.0,774.0,1433
1325,2016-07-19,1405,188,7,-75.0,775.0,1434
1328,2016-07-20,1406,188,7,-76.0,775.0,1435
1329,2016-07-21,1407,189,7,-74.0,779.0,1436
1327,2016-07-22,1408,190,7,-75.0,779.0,1437
1326,2016-07-23,1409,190,7,-74.0,781.0,1438
1330,2016-07-24,1410,191,7,-72.0,782.0,1439
1331,2016-07-25,1411,191,7,-72.0,782.0,1440
1333,2016-07-26,1412,192,7,-78.0,784.0,1441
1332,2016-07-27,1413,193,7,-72.0,784.0,1442
1336,2016-07-28,1414,193,7,-73.0,785.0,1443
1334,2016-07-29,1415,194,7,-72.0,787.0,1444
1335,2016-07-31,1416,194,7,-72.0,791.0,1446
1337,2016-08-01,1417,195,7,-70.0,791.0,1447
1338,2016-08-02,1418,196,7,-73.0,793.0,1448
1339,2016-08-03,1419,196,7,-73.0,793.0,1449
1340,2016-08-04,1420,197,7,-71.0,793.0,1450
1343,2016-08-05,1421,197,7,-72.0,797.0,1451
1342,2016-08-06,1422,198,7,-72.0,798.0,1452
1341,2016-08-07,1423,199,7,-71.0,800.0,1453
1344,2016-08-08,1424,199,7,-72.0,803.0,1454
1345,2016-08-09,1425,200,7,-72.0,804.0,1455
1346,2016-08-10,1426,200,7,-71.0,803.0,1456
1347,2016-08-11,1427,201,7,-72.0,807.0,1457
1348,2016-08-12,1428,202,7,-72.0,808.0,1458
1349,2016-08-13,1429,202,7,-70.0,810.0,1459
1351,2016-08-14,1430,203,7,-69.0,810.0,1460
1350,2016-08-15,1431,204,7,-69.0,811.0,1461
1352,2016-08-16,1432,204,7,-71.0,813.0,1462
1353,2016-08-17,1433,205,7,-70.0,818.0,1463
1356,2016-08-18,1434,205,7,-70.0,818.0,1464
1355,2016-08-19,1435,206,7,-71.0,823.0,1465
1354,2016-08-20,1436,207,7,-72.0,825.0,1466
1357,2016-08-21,1437,207,7,-71.0,821.0,1467
1358,2016-08-22,1438,208,7,-68.0,823.0,1468
1360,2016-08-23,1439,208,7,-71.0,828.0,1469
1359,2016-08-24,1440,209,7,-70.0,828.0,1470
1361,2016-08-25,1441,210,8,-74.0,828.0,1471
1362,2016-08-26,1442,210,8,-68.0,829.0,1472
1363,2016-08-27,1443,211,8,-69.0,831.0,1473
1364,2016-08-28,1444,212,8,-69.0,833.0,1474
1365,2016-08-29,1445,212,8,-69.0,836.0,1475
1366,2016-08-30,1446,213,8,-70.0,841.0,1476
1367,2016-08-31,1447,214,8,-74.0,841.0,1477
1369,2016-09-01,1448,214,8,-69.0,841.0,1478
1368,2016-09-02,1449,215,8,-71.0,841.0,1479
1370,2016-09-03,1450,215,8,-69.0,842.0,1480
1371,2016-09-04,1451,216,8,-71.0,842.0,1481
1373,2016-09-06,1452,217,8,-74.0,845.0,1483
1372,2016-09-07,1453,217,8,-73.0,850.0,1484
1374,2016-09-08,1454,218,8,-69.0,854.0,1485
1377,2016-09-09,1455,219,8,-70.0,858.0,1486
1376,2016-09-10,1456,219,8,-69.0,859.0,1487
1375,2016-09-11,1457,220,8,-69.0,860.0,1488
1378,2016-09-12,1458,220,8,-69.0,859.0,1489
1379,2016-09-13,1459,221,8,-71.0,861.0,1490
1380,2016-09-14,1460,222,8,-70.0,865.0,1491
1382,2016-09-15,1461,222,8,-69.0,870.0,1492
1381,2016-09-16,1462,223,8,-68.0,871.0,1493
1383,2016-09-17,1463,224,8,-68.0,871.0,1494
1384,2016-09-18,1464,224,8,-71.0,871.0,1495
1385,2016-09-19,1465,225,8,-68.0,870.0,1496
1386,2016-09-20,1466,226,8,-67.0,873.0,1497
1387,2016-09-21,1467,226,8,-69.0,877.0,1498
1388,2016-09-22,1468,227,8,-70.0,879.0,1499
1389,2016-09-23,1469,228,8,-72.0,881.0,1500
1391,2016-09-24,1470,228,8,-70.0,879.0,1501
1392,2016-09-25,1471,229,8,-71.0,880.0,1502
1390,2016-09-26,1472,229,8,-68.0,879.0,1503
1393,2016-09-27,1473,230,8,-67.0,881.0,1504
1394,2016-09-28,1474,231,8,-68.0,889.0,1505
1396,2016-09-29,1475,231,8,-72.0,890.0,1506
1395,2016-09-30,1476,232,8,-69.0,888.0,1507
1397,2016-10-01,1477,233,8,-72.0,888.0,1508
1399,2016-10-02,1478,233,8,-68.0,887.0,1509
1398,2016-10-03,1479,234,8,-66.0,890.0,1510
1400,2016-10-04,1480,235,8,-68.0,893.0,1511
1401,2016-10-05,1481,235,8,-70.0,893.0,1512
1403,2016-10-06,1482,236,8,-68.0,893.0,1513
1402,2016-10-07,1483,237,8,-68.0,892.0,1514
1404,2016-10-08,1484,237,8,-68.0,895.0,1515
1405,2016-10-09,1485,238,8,-71.0,899.0,1516
1406,2016-10-10,1486,239,8,-71.0,901.0,1517
1407,2016-10-11,1487,239,8,-68.0,901.0,1518
1408,2016-10-12,1488,240,9,-69.0,902.0,1519
1410,2016-10-14,1489,240,9,-68.0,903.0,1521
1411,2016-10-15,1490,241,9,-66.0,904.0,1522
1409,2016-10-16,1491,242,9,-69.0,906.0,1523
1412,2016-10-17,1492,242,9,-68.0,910.0,1524
1413,2016-10-18,1493,243,9,-70.0,905.0,1525
1414,2016-10-19,1494,244,9,-70.0,904.0,1526
1416,2016-10-20,1495,244,9,-71.0,903.0,1527
1415,2016-10-21,1496,245,9,-72.0,906.0,1528
1417,2016-10-22,1497,246,9,-68.0,909.0,1529
1418,2016-10-23,1498,246,9,-68.0,907.0,1530
1419,2016-10-24,1499,247,9,-69.0,903.0,1531
1420,2016-10-25,1500,248,9,-70.0,903.0,1532
1421,2016-10-26,1501,248,9,-69.0,903.0,1533
1422,2016-10-27,1502,249,9,-69.0,907.0,1534
1424,2016-10-28,1503,250,9,-70.0,909.0,1535
1423,2016-10-29,1504,250,9,-69.0,910.0,1536
1425,2016-10-30,1505,251,9,-69.0,906.0,1537
1426,2016-10-31,1506,252,9,-71.0,907.0,1538
1427,2016-11-01,1507,252,9,-70.0,907.0,1539
1428,2016-11-02,1508,253,9,-70.0,907.0,1540
1430,2016-11-03,1509,254,9,-70.0,910.0,1541
1431,2016-11-04,1510,254,9,-70.0,908.0,1542
1429,2016-11-05,1511,255,9,-77.0,908.0,1543
1432,2016-11-06,1512,255,9,-78.0,906.0,1544
1433,2016-11-07,1513,256,9,-74.0,907.0,1545
1434,2016-11-08,1514,257,9,-73.0,906.0,1546
1435,2016-11-09,1515,257,9,-76.0,906.0,1547
1436,2016-11-10,1516,258,9,-71.0,909.0,1548
1437,2016-11-11,1517,259,9,-76.0,911.0,1549
1438,2016-11-12,1518,259,9,-78.0,909.0,1550
1440,2016-11-13,1519,260,9,-72.0,906.0,1551
1439,2016-11-14,1520,261,9,-73.0,905.0,1552
1441,2016-11-15,1521,261,9,-71.0,905.0,1553
1442,2016-11-16,1522,262,9,-71.0,905.0,1554
1443,2016-11-17,1523,263,9,-77.0,905.0,1555
1444,2016-11-18,1524,263,9,-76.0,904.0,1556
1445,2016-11-20,1525,264,9,-74.0,902.0,1558
1446,2016-11-21,1526,265,9,-72.0,900.0,1559
1449,2016-11-22,1527,265,9,-71.0,900.0,1560
1450,2016-11-23,1528,266,9,-72.0,898.0,1561
1451,2016-11-24,1529,267,9,-73.0,900.0,1562
1452,2016-11-25,1530,267,9,-71.0,899.0,1563
1447,2016-11-26,1531,268,9,-76.0,900.0,1564
1448,2016-11-27,1532,268,9,-72.0,900.0,1565
1453,2016-11-28,1533,269,9,-72.0,896.0,1566
1454,2016-11-29,1534,270,10,-73.0,898.0,1567
1455,2016-11-30,1535,270,10,-73.0,900.0,1568
1456,2016-12-01,1536,271,10,-71.0,901.0,1569
1458,2016-12-02,1537,272,10,-74.0,900.0,1570
1457,2016-12-03,1538,272,10,-73.0,898.0,1571
1459,2016-12-04,1539,273,10,-74.0,896.0,1572
1460,2016-12-05,1540,274,10,-72.0,896.0,1573
1461,2016-12-06,1541,274,10,-76.0,895.0,1574
1462,2016-12-07,1542,275,10,-73.0,895.0,1575
1464,2016-12-08,1543,276,10,-74.0,896.0,1576
1463,2016-12-09,1544,276,10,-71.0,894.0,1577
1465,2016-12-10,1545,277,10,-73.0,891.0,1578
1467,2016-12-11,1546,277,10,-73.0,889.0,1579
1466,2016-12-12,1547,278,10,-75.0,887.0,1580
1468,2016-12-13,1548,279,10,-76.0,887.0,1581
1469,2016-12-14,1549,279,10,-76.0,887.0,1582
1472,2016-12-15,1550,280,10,-71.0,888.0,1583
1471,2016-12-16,1551,281,10,-71.0,886.0,1584
1470,2016-12-17,1552,281,10,-74.0,886.0,1585
1474,2016-12-18,1553,282,10,-77.0,884.0,1586
1473,2016-12-19,1554,283,10,-70.0,882.0,1587
1477,2016-12-20,1555,283,10,-71.0,883.0,1588
1478,2016-12-21,1556,284,10,-72.0,883.0,1589
1475,2016-12-22,1557,284,10,-70.0,883.0,1590
1476,2016-12-23,1558,285,10,-72.0,880.0,1591
1484,2016-12-24,1559,286,10,-76.0,879.0,1592
1482,2016-12-25,1560,286,10,-76.0,877.0,1593
1485,2016-12-27,1561,287,10,-77.0,877.0,1595
1479,2016-12-28,1562,288,10,-73.0,877.0,1596
1483,2016-12-29,1563,288,10,-75.0,879.0,1597
1481,2016-12-30,1564,289,10,-70.0,877.0,1598
1480,2016-12-31,1565,290,10,-72.0,874.0,1599
1487,2017-01-01,1566,290,10,-76.0,876.0,1600
1486,2017-01-02,1567,291,10,-70.0,872.0,1601
1488,2017-01-03,1568,291,10,-71.0,876.0,1602
1492,2017-01-04,1569,292,10,-70.0,873.0,1603
1491,2017-01-05,1570,293,10,-71.0,873.0,1604
1490,2017-01-06,1571,293,10,-70.0,873.0,1605
1489,2017-01-07,1572,294,10,-81.0,869.0,1606
1493,2017-01-08,1573,295,10,-74.0,872.0,1607
1495,2017-01-09,1574,295,10,-72.0,868.0,1608
1494,2017-01-10,1575,296,10,-73.0,871.0,1609
1496,2017-01-11,1576,296,10,-72.0,869.0,1610
1498,2017-01-12,1577,297,10,-72.0,866.0,1611
1499,2017-01-13,1578,298,10,-74.0,868.0,1612
1500,2017-01-14,1579,298,10,-73.0,862.0,1613
1497,2017-01-15,1580,299,10,-72.0,867.0,1614
1501,2017-01-16,1581,299,10,-72.0,862.0,1615
1503,2017-01-17,1582,300,11,-74.0,862.0,1616
1502,2017-01-18,1583,301,11,-75.0,862.0,1617
1505,2017-01-19,1584,301,11,-77.0,860.0,1618
1506,2017-01-20,1585,302,11,-76.0,864.0,1619
1504,2017-01-21,1586,303,11,-72.0,858.0,1620
1508,2017-01-22,1587,303,11,-73.0,860.0,1621
1507,2017-01-23,1588,304,11,-72.0,858.0,1622
1510,2017-01-24,1589,304,11,-72.0,857.0,1623
1509,2017-01-25,1590,305,11,-76.0,860.0,1624
1512,2017-01-26,1591,306,11,-73.0,852.0,1625
1511,2017-01-27,1592,306,11,-71.0,857.0,1626
1513,2017-01-28,1593,307,11,-72.0,852.0,1627
1514,2017-01-29,1594,307,11,-74.0,855.0,1628
1515,2017-01-30,1595,308,11,-71.0,855.0,1629
1516,2017-01-31,1596,309,11,-74.0,850.0,1630
1517,2017-02-01,1597,309,11,-73.0,855.0,1631
1519,2017-02-03,1598,310,11,-70.0,849.0,1633
1518,2017-02-04,1599,310,11,-72.0,853.0,1634
1520,2017-02-05,1600,311,11,-71.0,850.0,1635
1522,2017-02-06,1601,312,11,-71.0,853.0,1636
1521,2017-02-07,1602,312,11,-77.0,852.0,1637
1523,2017-02-08,1603,313,11,-76.0,847.0,1638
1524,2017-02-09,1604,313,11,-77.0,850.0,1639
1526,2017-02-10,1605,314,11,-73.0,846.0,1640
1525,2017-02-11,1606,315,11,-75.0,850.0,1641
1528,2017-02-12,1607,315,11,-77.0,846.0,1642
1527,2017-02-13,1608,316,11,-72.0,847.0,1643
1529,2017-02-14,1609,316,11,-71.0,847.0,1644
1534,2017-02-18,1613,319,11,-72.0,846.0,1648
1533,2017-02-19,1614,319,11,-73.0,837.0,1649
1536,2017-02-20,1615,320,11,-73.0,842.0,1650
1535,2017-02-21,1616,320,11,-73.0,848.0,1651
1537,2017-02-22,1617,321,11,-72.0,840.0,1652
1540,2017-02-23,1618,322,11,-71.0,845.0,1653
1538,2017-02-24,1619,322,11,-73.0,841.0,1654
1539,2017-02-25,1620,323,11,-70.0,844.0,1655
1541,2017-02-26,1621,323,11,-73.0,842.0,1656
1542,2017-02-27,1622,324,11,-71.0,841.0,1657
1544,2017-02-28,1623,324,11,-71.0,840.0,1658
1543,2017-03-01,1624,325,11,-72.0,837.0,1659
1546,2017-03-02,1625,326,11,-71.0,839.0,1660
1545,2017-03-03,1626,326,11,-71.0,839.0,1661
1547,2017-03-04,1627,327,11,-72.0,838.0,1662
1549,2017-03-05,1628,327,11,-71.0,839.0,1663
1548,2017-03-06,1629,328,11,-74.0,837.0,1664
1551,2017-03-07,1630,328,11,-77.0,838.0,1665
1550,2017-03-08,1631,329,11,-77.0,837.0,1666
1552,2017-03-09,1632,330,12,-72.0,836.0,1667
1554,2017-03-10,1633,330,12,-75.0,834.0,1668
1553,2017-03-12,1634,331,12,-72.0,834.0,1670
1555,2017-03-13,1635,331,12,-73.0,833.0,1671
1556,2017-03-14,1636,332,12,-72.0,834.0,1672
1557,2017-03-15,1637,332,12,-73.0,833.0,1673
1559,2017-03-16,1638,333,12,-73.0,833.0,1674
1558,2017-03-17,1639,334,12,-71.0,832.0,1675
1561,2017-03-18,1640,334,12,-72.0,832.0,1676
1560,2017-03-19,1641,335,12,-72.0,831.0,1677
1564,2017-03-20,1642,335,12,-72.0,829.0,1678
1563,2017-03-21,1643,336,12,-74.0,832.0,1679
1562,2017-03-22,1644,336,12,-74.0,832.0,1680
1567,2017-03-23,1645,337,12,-74.0,832.0,1681
1565,2017-03-24,1646,337,12,-74.0,831.0,1682
1566,2017-03-25,1647,338,12,-73.0,831.0,1683
1568,2017-03-26,1648,339,12,-73.0,830.0,1684
1569,2017-03-27,1649,339,12,-74.0,830.0,1685
1570,2017-03-28,1650,340,12,-75.0,833.0,1686
1571,2017-03-29,1651,340,12,-77.0,833.0,1687
1572,2017-03-30,1652,341,12,-76.0,834.0,1688
1573,2017-03-31,1653,341,12,-75.0,833.0,1689
1575,2017-04-01,1654,342,12,-75.0,829.0,1690
1574,2017-04-02,1655,342,12,-76.0,831.0,1691
1576,2017-04-03,1656,343,12,-75.0,832.0,1692
1578,2017-04-04,1657,343,12,-75.0,836.0,1693
1577,2017-04-05,1658,344,12,-77.0,835.0,1694
1579,2017-04-06,1659,345,12,-77.0,832.0,1695
1581,2017-04-07,1660,345,12,-74.0,832.0,1696
1580,2017-04-08,1661,346,12,-75.0,831.0,1697
1583,2017-04-09,1662,346,12,-75.0,831.0,1698
1584,2017-04-10,1663,347,12,-74.0,832.0,1699
1586,2017-04-11,1664,347,12,-74.0,832.0,1700
1585,2017-04-12,1665,348,12,-76.0,833.0,1701
1582,2017-04-13,1666,348,12,-76.0,834.0,1702
1588,2017-04-14,1667,349,12,-76.0,833.0,1703
1587,2017-04-15,1668,349,12,-77.0,831.0,1704
1589,2017-04-16,1669,350,12,-74.0,833.0,1705
1590,2017-04-18,1670,350,12,-76.0,834.0,1707
1591,2017-04-19,1671,351,12,-76.0,832.0,1708
1592,2017-04-20,1672,351,12,-74.0,833.0,1709
1594,2017-04-21,1673,352,12,-75.0,836.0,1710
1593,2017-04-22,1674,352,12,-75.0,835.0,1711
1595,2017-04-23,1675,353,12,-75.0,835.0,1712
1596,2017-04-24,1676,354,12,-76.0,837.0,1713
1597,2017-04-25,1677,354,12,-74.0,835.0,1714
1598,2017-04-26,1678,355,12,-74.0,836.0,1715
1599,2017-04-27,1679,355,12,-75.0,836.0,1716
1601,2017-04-28,1680,356,12,-74.0,835.0,1717
1602,2017-04-29,1681,356,12,-74.0,837.0,1718
1603,2017-04-30,1682,357,12,-76.0,839.0,1719
1600,2017-05-01,1683,357,12,-75.0,837.0,1720
1604,2017-05-02,1684,358,12,-75.0,837.0,1721
1605,2017-05-03,1685,358,12,-77.0,838.0,1722
1607,2017-05-04,1686,359,12,-75.0,838.0,1723
1608,2017-05-05,1687,359,12,-75.0,838.0,1724
1606,2017-05-06,1688,0,1,-76.0,840.0,1725
1610,2017-05-07,1689,0,1,-75.0,840.0,1726
1609,2017-05-08,1690,1,1,-76.0,840.0,1727
1614,2017-05-10,1692,2,1,-62.0,820.0,1729
1612,2017-05-11,1693,2,1,-76.0,840.0,1730
1613,2017-05-12,1694,3,1,-76.0,840.0,1731
1611,2017-05-13,1695,3,1,-77.0,840.0,1732
1615,2017-05-14,1696,4,1,-75.0,841.0,1733
1616,2017-05-15,1697,4,1,-77.0,841.0,1734
1618,2017-05-16,1698,5,1,-77.0,842.0,1735
1617,2017-05-17,1699,5,1,-76.0,843.0,1736
1619,2017-05-18,1700,6,1,-76.0,842.0,1737
1620,2017-05-19,1701,6,1,-76.0,841.0,1738
1621,2017-05-20,1702,7,1,-75.0,842.0,1739
1622,2017-05-21,1703,7,1,-76.0,843.0,1740
1625,2017-05-22,1704,8,1,-77.0,844.0,1741
1623,2017-05-23,1705,8,1,-76.0,845.0,1742
1624,2017-05-24,1706,9,1,-77.0,845.0,1743
1627,2017-05-26,1707,9,1,-77.0,846.0,1745
1626,2017-05-27,1708,10,1,-76.0,846.0,1746
1628,2017-05-28,1709,10,1,-76.0,847.0,1747
1629,2017-05-29,1710,11,1,-76.0,848.0,1748
1631,2017-05-30,1711,11,1,-75.0,848.0,1749
1630,2017-05-31,1712,12,1,-77.0,849.0,1750
1635,2017-06-01,1713,12,1,-75.0,850.0,1751
1633,2017-06-02,1714,13,1,-77.0,849.0,1752
1634,2017-06-03,1715,13,1,-77.0,851.0,1753
1632,2017-06-04,1716,14,1,-76.0,850.0,1754
1636,2017-06-05,1717,14,1,-76.0,851.0,1755
1637,2017-06-06,1718,15,1,-77.0,852.0,1756
1639,2017-06-07,1719,15,1,-77.0,853.0,1757
1638,2017-06-08,1720,16,1,-76.0,853.0,1758
1641,2017-06-09,1721,16,1,-76.0,852.0,1759
1640,2017-06-10,1722,17,1,-77.0,854.0,1760
1642,2017-06-11,1723,17,1,-76.0,854.0,1761
1643,2017-06-12,1724,18,1,-77.0,856.0,1762
1644,2017-06-13,1725,18,1,-79.0,857.0,1763
1645,2017-06-14,1726,19,1,-76.0,855.0,1764
1647,2017-06-15,1727,19,1,-75.0,855.0,1765
1648,2017-06-16,1728,20,1,-76.0,855.0,1766
1646,2017-06-17,1729,20,1,-76.0,858.0,1767
1650,2017-06-18,1730,21,1,-77.0,858.0,1768
1649,2017-06-19,1731,21,1,-78.0,857.0,1769
1651,2017-06-20,1732,22,1,-78.0,858.0,1770
1652,2017-06-21,1733,22,1,-77.0,859.0,1771
1655,2017-06-22,1734,23,1,-78.0,859.0,1772
1653,2017-06-23,1735,23,1,-78.0,861.0,1773
1654,2017-06-24,1736,23,1,-77.0,860.0,1774
1656,2017-06-25,1737,24,1,-78.0,861.0,1775
1657,2017-06-26,1738,24,1,-78.0,861.0,1776
1658,2017-06-27,1739,25,1,-77.0,861.0,1777
1662,2017-06-28,1740,25,1,-78.0,861.0,1778
1659,2017-06-29,1741,26,1,-78.0,863.0,1779
1661,2017-06-30,1742,26,1,-77.0,865.0,1780
1660,2017-07-02,1743,27,1,-78.0,863.0,1782
1663,2017-07-03,1744,27,1,-78.0,863.0,1783
1664,2017-07-04,1745,28,1,-78.0,865.0,1784
1665,2017-07-05,1746,28,1,-76.0,866.0,1785
1666,2017-07-06,1747,29,1,-79.0,866.0,1786
1668,2017-07-07,1748,29,1,-79.0,867.0,1787
1667,2017-07-08,1749,30,2,-76.0,867.0,1788
1669,2017-07-09,1750,30,2,-77.0,867.0,1789
1670,2017-07-10,1751,31,2,-78.0,867.0,1790
1671,2017-07-11,1752,31,2,-80.0,867.0,1791
1672,2017-07-12,1753,32,2,-76.0,868.0,1792
1673,2017-07-13,1754,32,2,-78.0,870.0,1793
1674,2017-07-14,1755,32,2,-77.0,870.0,1794
1675,2017-07-15,1756,33,2,-78.0,871.0,1795
1676,2017-07-16,1757,33,2,-78.0,871.0,1796
1677,2017-07-17,1758,34,2,-78.0,871.0,1797
1678,2017-07-18,1759,34,2,-77.0,871.0,1798
1679,2017-07-19,1760,35,2,-78.0,872.0,1799
1684,2017-07-20,1761,35,2,-77.0,872.0,1800
1687,2017-07-21,1762,36,2,-77.0,872.0,1801
1680,2017-07-22,1763,36,2,-78.0,873.0,1802
1682,2017-07-23,1764,37,2,-79.0,872.0,1803
1690,2017-07-24,1765,37,2,-77.0,873.0,1804
1688,2017-07-25,1766,38,2,-79.0,873.0,1805
1691,2017-07-26,1767,38,2,-77.0,874.0,1806
1683,2017-07-27,1768,39,2,-78.0,875.0,1807
1689,2017-07-28,1769,39,2,-76.0,875.0,1808
1686,2017-07-29,1770,39,2,-79.0,875.0,1809
1692,2017-07-30,1771,40,2,-79.0,876.0,1810
1681,2017-07-31,1772,40,2,-78.0,876.0,1811
1685,2017-08-01,1773,41,2,-78.0,876.0,1812
1693,2017-08-02,1774,41,2,-79.0,877.0,1813
1694,2017-08-03,1775,42,2,-80.0,877.0,1814
1696,2017-08-04,1776,42,2,-79.0,877.0,1815
1695,2017-08-05,1777,43,2,-79.0,877.0,1816
1697,2017-08-06,1778,43,2,-81.0,877.0,1817
1698,2017-08-07,1779,44,2,-78.0,878.0,1818
1699,2017-08-09,1780,44,2,-77.0,879.0,1820
1700,2017-08-10,1781,45,2,-78.0,879.0,1821
1701,2017-08-11,1782,45,2,-78.0,878.0,1822
1703,2017-08-12,1783,45,2,-79.0,879.0,1823
1702,2017-08-13,1784,46,2,-80.0,883.0,1824
1704,2017-08-14,1785,46,2,-77.0,881.0,1825
1705,2017-08-16,1787,47,2,-79.0,881.0,1827
1706,2017-08-17,1788,48,2,-79.0,881.0,1828
1708,2017-08-18,1789,48,2,-79.0,881.0,1829
1707,2017-08-19,1790,49,2,-81.0,882.0,1830
1709,2017-08-20,1791,49,2,-79.0,882.0,1831
1710,2017-08-21,1792,50,2,-80.0,883.0,1832
1711,2017-08-22,1793,50,2,-80.0,883.0,1833
1712,2017-08-23,1794,50,2,-80.0,883.0,1834
1714,2017-08-24,1795,51,2,-81.0,882.0,1835
1715,2017-08-25,1796,51,2,-80.0,883.0,1836
1713,2017-08-26,1797,52,2,-79.0,884.0,1837
1716,2017-08-27,1798,52,2,-79.0,883.0,1838
1717,2017-08-28,1799,53,2,-78.0,883.0,1839
1718,2017-08-29,1800,53,2,-80.0,883.0,1840
1719,2017-08-30,1801,54,2,-80.0,882.0,1841
1722,2017-08-31,1802,54,2,-79.0,882.0,1842
1723,2017-09-01,1803,55,2,-78.0,882.0,1843
1720,2017-09-02,1804,55,2,-78.0,883.0,1844
1721,2017-09-03,1805,55,2,-78.0,883.0,1845
1724,2017-09-04,1806,56,2,-80.0,884.0,1846
1725,2017-09-05,1807,56,2,-78.0,884.0,1847
1726,2017-09-06,1808,57,2,-79.0,884.0,1848
1728,2017-09-07,1809,57,2,-80.0,884.0,1849
1729,2017-09-08,1810,58,2,-78.0,883.0,1850
1727,2017-09-09,1811,58,2,-79.0,882.0,1851
1730,2017-09-10,1812,59,2,-79.0,882.0,1852
1731,2017-09-11,1813,59,2,-80.0,881.0,1853
1732,2017-09-12,1814,59,2,-80.0,881.0,1854
1733,2017-09-13,1815,60,3,-81.0,881.0,1855
1734,2017-09-15,1816,60,3,-82.0,882.0,1857
1735,2017-09-16,1817,61,3,-80.0,882.0,1858
1736,2017-09-17,1818,61,3,-81.0,881.0,1859
1737,2017-09-18,1819,62,3,-82.0,880.0,1860
1738,2017-09-19,1820,62,3,-79.0,881.0,1861
1740,2017-09-20,1821,63,3,-81.0,882.0,1862
1739,2017-09-21,1822,63,3,-78.0,881.0,1863
1743,2017-09-22,1823,64,3,-80.0,879.0,1864
1742,2017-09-23,1824,64,3,-80.0,879.0,1865
1741,2017-09-24,1825,64,3,-80.0,878.0,1866
1744,2017-09-25,1826,65,3,-80.0,878.0,1867
1745,2017-09-26,1827,65,3,-80.0,879.0,1868
1746,2017-09-27,1828,66,3,-80.0,878.0,1869
1749,2017-09-28,1829,66,3,-78.0,877.0,1870
1748,2017-09-29,1830,67,3,-80.0,877.0,1871
1747,2017-09-30,1831,67,3,-80.0,876.0,1872
1750,2017-10-01,1832,68,3,-84.0,875.0,1873
1751,2017-10-02,1833,68,3,-81.0,875.0,1874
1752,2017-10-03,1834,68,3,-80.0,875.0,1875
1753,2017-10-04,1835,69,3,-80.0,873.0,1876
1755,2017-10-05,1836,69,3,-81.0,873.0,1877
1756,2017-10-06,1837,70,3,-81.0,872.0,1878
1754,2017-10-07,1838,70,3,-79.0,872.0,1879
1757,2017-10-08,1839,71,3,-80.0,872.0,1880
1758,2017-10-09,1840,71,3,-77.0,871.0,1881
1759,2017-10-10,1841,72,3,-77.0,870.0,1882
1761,2017-10-11,1842,72,3,-79.0,869.0,1883
1760,2017-10-12,1843,72,3,-80.0,869.0,1884
1762,2017-10-13,1844,73,3,-81.0,869.0,1885
1763,2017-10-14,1845,73,3,-80.0,868.0,1886
1765,2017-10-15,1846,74,3,-80.0,868.0,1887
1764,2017-10-16,1847,74,3,-80.0,866.0,1888
1766,2017-10-17,1848,75,3,-80.0,865.0,1889
1770,2017-10-18,1849,75,3,-80.0,864.0,1890
1768,2017-10-19,1850,76,3,-80.0,864.0,1891
1767,2017-10-20,1851,76,3,-87.0,864.0,1892
1769,2017-10-22,1852,77,3,-80.0,863.0,1894
1771,2017-10-23,1853,77,3,-80.0,862.0,1895
1772,2017-10-24,1854,77,3,-80.0,861.0,1896
1773,2017-10-25,1855,78,3,-78.0,861.0,1897
1774,2017-10-26,1856,78,3,-80.0,859.0,1898
1776,2017-10-27,1857,79,3,-80.0,858.0,1899
1775,2017-10-28,1858,79,3,-81.0,857.0,1900
1779,2017-10-29,1859,80,3,-79.0,857.0,1901
1778,2017-10-30,1860,80,3,-80.0,857.0,1902
1780,2017-10-31,1861,81,3,-79.0,855.0,1903
1777,2017-11-01,1862,81,3,-81.0,854.0,1904
1781,2017-11-02,1863,81,3,-80.0,853.0,1905
1782,2017-11-03,1864,82,3,-82.0,852.0,1906
1783,2017-11-04,1865,82,3,-80.0,852.0,1907
1785,2017-11-05,1866,83,3,-80.0,850.0,1908
1784,2017-11-06,1867,83,3,-78.0,848.0,1909
1786,2017-11-07,1868,84,3,-80.0,848.0,1910
1787,2017-11-08,1869,84,3,-81.0,846.0,1911
1788,2017-11-09,1870,85,3,-81.0,845.0,1912
1789,2017-11-10,1871,85,3,-80.0,844.0,1913
1791,2017-11-11,1872,86,3,-79.0,843.0,1914
1790,2017-11-12,1873,86,3,-79.0,842.0,1915
1792,2017-11-13,1874,86,3,-80.0,840.0,1916
1793,2017-11-14,1875,87,3,-79.0,839.0,1917
1794,2017-11-15,1876,87,3,-79.0,838.0,1918
1797,2017-11-16,1877,88,3,-79.0,837.0,1919
1795,2017-11-17,1878,88,3,-79.0,835.0,1920
1796,2017-11-18,1879,89,3,-79.0,834.0,1921
1798,2017-11-19,1880,89,3,-79.0,833.0,1922
1803,2017-11-20,1881,90,4,-79.0,832.0,1923
1801,2017-11-21,1882,90,4,-78.0,831.0,1924
1800,2017-11-22,1883,91,4,-78.0,830.0,1925
1799,2017-11-23,1884,91,4,-79.0,829.0,1926
1804,2017-11-24,1885,91,4,-79.0,827.0,1927
1805,2017-11-25,1886,92,4,-79.0,826.0,1928
1802,2017-11-26,1887,92,4,-79.0,824.0,1929
1807,2017-11-27,1888,93,4,-79.0,823.0,1930
1806,2017-11-29,1889,93,4,-80.0,822.0,1932
1808,2017-11-30,1890,94,4,-79.0,821.0,1933
1810,2017-12-01,1891,94,4,-80.0,819.0,1934
1809,2017-12-02,1892,95,4,-81.0,817.0,1935
1812,2017-12-03,1893,95,4,-79.0,816.0,1936
1811,2017-12-04,1894,96,4,-79.0,815.0,1937
1814,2017-12-05,1895,96,4,-78.0,814.0,1938
1813,2017-12-06,1896,96,4,-79.0,812.0,1939
1817,2017-12-07,1897,97,4,-80.0,811.0,1940
1816,2017-12-08,1898,97,4,-81.0,810.0,1941
1815,2017-12-09,1899,98,4,-81.0,808.0,1942
1818,2017-12-10,1900,98,4,-81.0,807.0,1943
1819,2017-12-11,1901,99,4,-81.0,806.0,1944
1820,2017-12-12,1902,99,4,-79.0,804.0,1945
1821,2017-12-13,1903,100,4,-78.0,803.0,1946
1822,2017-12-14,1904,100,4,-79.0,801.0,1947
1823,2017-12-15,1905,101,4,-80.0,800.0,1948
1824,2017-12-16,1906,101,4,-79.0,799.0,1949
1825,2017-12-17,1907,101,4,-79.0,798.0,1950
1826,2017-12-18,1908,102,4,-79.0,796.0,1951
1827,2017-12-19,1909,102,4,-80.0,795.0,1952
1828,2017-12-20,1910,103,4,-80.0,794.0,1953
1833,2017-12-21,1911,103,4,-79.0,792.0,1954
1832,2017-12-22,1912,104,4,-80.0,791.0,1955
1830,2017-12-23,1913,104,4,-79.0,791.0,1956
1834,2017-12-24,1914,105,4,-78.0,790.0,1957
1835,2017-12-25,1915,105,4,-78.0,788.0,1958
1829,2017-12-26,1916,106,4,-79.0,787.0,1959
1831,2017-12-27,1917,106,4,-80.0,786.0,1960
1839,2017-12-28,1918,107,4,-77.0,784.0,1961
1836,2017-12-29,1919,107,4,-77.0,783.0,1962
1837,2017-12-30,1920,108,4,-77.0,782.0,1963
1838,2017-12-31,1921,108,4,-78.0,781.0,1964
1840,2018-01-01,1922,108,4,-79.0,780.0,1965
1842,2018-01-02,1923,109,4,-77.0,778.0,1966
1841,2018-01-03,1924,109,4,-78.0,777.0,1967
1844,2018-01-05,1925,110,4,-79.0,777.0,1969
1843,2018-01-06,1926,110,4,-80.0,775.0,1970
1845,2018-01-07,1927,111,4,-79.0,774.0,1971
1847,2018-01-08,1928,111,4,-78.0,773.0,1972
1846,2018-01-09,1929,112,4,-79.0,771.0,1973
1848,2018-01-10,1930,112,4,-79.0,770.0,1974
1849,2018-01-11,1931,113,4,-79.0,770.0,1975
1850,2018-01-12,1932,113,4,-79.0,768.0,1976
1852,2018-01-13,1933,114,4,-78.0,767.0,1977
1851,2018-01-14,1934,114,4,-79.0,766.0,1978
1853,2018-01-15,1935,115,4,-80.0,765.0,1979
1855,2018-01-16,1936,115,4,-79.0,764.0,1980
1854,2018-01-17,1937,116,4,-80.0,763.0,1981
1859,2018-01-18,1938,116,4,-78.0,762.0,1982
1857,2018-01-19,1939,116,4,-78.0,760.0,1983
1858,2018-01-20,1940,117,4,-77.0,759.0,1984
1856,2018-01-21,1941,117,4,-77.0,758.0,1985
1860,2018-01-22,1942,118,4,-78.0,757.0,1986
1863,2018-01-23,1943,118,4,-78.0,756.0,1987
1861,2018-01-24,1944,119,4,-80.0,755.0,1988
1862,2018-01-25,1945,119,4,-78.0,754.0,1989
1864,2018-01-26,1946,120,5,-79.0,753.0,1990
1865,2018-01-27,1947,120,5,-78.0,751.0,1991
1866,2018-01-28,1948,121,5,-78.0,752.0,1992
1867,2018-01-29,1949,121,5,-78.0,751.0,1993
1868,2018-01-30,1950,122,5,-79.0,750.0,1994
1869,2018-01-31,1951,122,5,-77.0,749.0,1995
1871,2018-02-01,1952,123,5,-80.0,748.0,1996
1870,2018-02-02,1953,123,5,-78.0,747.0,1997
1872,2018-02-03,1954,124,5,-77.0,745.0,1998
1873,2018-02-04,1955,124,5,-77.0,745.0,1999
1879,2018-02-05,1956,125,5,-79.0,744.0,2000
1875,2018-02-06,1957,125,5,-77.0,742.0,2001
1874,2018-02-07,1958,126,5,-77.0,741.0,2002
1878,2018-02-08,1959,126,5,-78.0,740.0,2003
1876,2018-02-09,1960,127,5,-78.0,740.0,2004
1877,2018-02-11,1961,127,5,-77.0,740.0,2006
1880,2018-02-12,1962,128,5,-78.0,738.0,2007
1881,2018-02-13,1963,128,5,-77.0,737.0,2008
1882,2018-02-14,1964,129,5,-76.0,736.0,2009
1883,2018-02-15,1965,129,5,-76.0,735.0,2010
1884,2018-02-16,1966,130,5,-77.0,735.0,2011
1885,2018-02-17,1967,130,5,-76.0,734.0,2012
1886,2018-02-18,1968,131,5,-76.0,732.0,2013
1887,2018-02-19,1969,131,5,-76.0,732.0,2014
1888,2018-02-20,1970,132,5,-77.0,731.0,2015
1890,2018-02-21,1971,132,5,-78.0,731.0,2016
1891,2018-02-22,1972,133,5,-78.0,730.0,2017
1889,2018-02-23,1973,133,5,-78.0,730.0,2018
1892,2018-02-24,1974,134,5,-77.0,729.0,2019
1894,2018-02-25,1975,134,5,-76.0,729.0,2020
1893,2018-02-26,1976,135,5,-77.0,728.0,2021
1895,2018-02-27,1977,135,5,-77.0,727.0,2022
